AAPL,Apple
MSFT,Microsoft
GOOG,Alphabet (Google)
AMZN,Amazon
TSLA,Tesla
FB,Meta (Facebook)
TSM,TSMC
NVDA,NVIDIA
JNJ,Johnson & Johnson
UNH,UnitedHealth
V,Visa
TCEHY,Tencent
XOM,Exxon Mobil
JPM,JPMorgan Chase
MA,Mastercard
PG,Procter & Gamble
CVX,Chevron
WMT,Walmart
HD,Home Depot
PFE,Pfizer
BAC,Bank of America
LLY,Eli Lilly
KO,Coca-Cola
ABBV,AbbVie
NVO,Novo Nordisk
BABA,Alibaba
AVGO,Broadcom
PEP,Pepsico
MRK,Merck
ASML,ASML
TM,Toyota
SHEL,Shell
TMO,Thermo Fisher Scientific
VZ,Verizon
COST,Costco
ABT,Abbott Laboratories
AZN,Astrazeneca
ADBE,Adobe
DIS,Walt Disney
NKE,Nike
NVS,Novartis
DHR,Danaher
ACN,Accenture
CMCSA,Comcast
ORCL,Oracle
CSCO,Cisco
AMD,AMD
CRM,Salesforce
MCD,McDonald
INTC,Intel
TMUS,T-Mobile US
WFC,Wells Fargo
BHP,BHP Group
LIN,Linde
PM,Philip Morris
UPS,United Parcel Service
BMY,Bristol-Myers Squibb
TXN,Texas Instruments
QCOM,QUALCOMM
NEE,Nextera Energy
COP,ConocoPhillips
TTE,TotalEnergies
T,AT&T
MS,Morgan Stanley
RY,Royal Bank Of Canada
PTR,PetroChina
RTX,Raytheon Technologies
UNP,Union Pacific Corporation
TD,Toronto Dominion Bank
SNY,Sanofi
SCHW,Charles Schwab
AMGN,Amgen
HON,Honeywell
HSBC,HSBC
MDT,Medtronic
IBM,IBM
AXP,American Express
LOW,Lowe's Companies
CVS,CVS Health
AMT,American Tower
RIO,Rio Tinto
EQNR,Equinor
SAP,SAP
ANTM,Anthem
CAT,Caterpillar
UL,Unilever
LMT,Lockheed Martin
INTU,Intuit
SONY,Sony
SPGI,S&P Global
DE,Deere & Company
GS,Goldman Sachs
GSK,GlaxoSmithKline
HDB,HDFC Bank
BP,BP
DEO,Diageo
BLK,BlackRock
PYPL,PayPal
BTI,British American Tobacco
AMAT,Applied Materials
C,Citigroup
NOW,ServiceNow
MO,Altria Group
BUD,Anheuser-Busch Inbev
BKNG,Booking.com
ENB,Enbridge
PLD,Prologis
EL,Estee Lauder
PBR,Petrobras
ADP,Automatic Data Processing
SBUX,Starbucks
JD,Jingdong Mall
LFC,China Life Insurance
NFLX,Netflix
CB,Chubb
ADI,Analog Devices
VALE,Vale
BX,Blackstone Group
SYK,Stryker Corporation
MDLZ,Mondelez
DUK,Duke Energy
GE,General Electric
EOG,EOG Resources
MMM,3M
BAM,Brookfield Asset Management
CHTR,Charter Communications
BA,Boeing
INFY,Infosys
CNI,Canadian National Railway
BNS,Scotiabank
CI,Cigna
GILD,Gilead Sciences
SO,Southern Company
ZTS,Zoetis
CCI,Crown Castle
MMC,Marsh & McLennan Companies
CNQ,Canadian Natural Resources
ISRG,Intuitive Surgical
MU,Micron Technology
ABNB,Airbnb
USB,U.S. Bancorp
SNP,Sinopec
TGT,Target
NOC,Northrop Grumman
BMO,Bank of Montreal
TJX,TJX Companies
BDX,Becton Dickinson
CME,CME Group
PNC,PNC Financial Services
MUFG,Mitsubishi UFJ Financial
FMX,Fomento Económico Mexicano
LRCX,Lam Research
SHW,Sherwin-Williams
CP,Canadian Pacific Railway
CSX,CSX Corporation
PGR,Progressive
REGN,Regeneron Pharmaceuticals
VRTX,Vertex Pharmaceuticals
NTES,NetEase
PXD,Pioneer Natural Resources
D,Dominion Energy
SLB,Schlumberger
AMX,America Movil
IBN,ICICI Bank
CL,Colgate-Palmolive
WM,Waste Management
OXY,Occidental Petroleum
TFC,Truist Financial
ABB,ABB
ITW,Illinois Tool Works
FISV,Fiserv
PDD,Pinduoduo
GD,General Dynamics
FIS,Fidelity National Information Services
UBS,UBS
EQIX,Equinix
HCA,HCA Healthcare
EPD,Enterprise Products
ATVI,Activision Blizzard
EW,Edwards Lifesciences
FCX,Freeport-McMoRan
NSC,Norfolk Southern
PSA,Public Storage
TRP,TC Energy
SU,Suncor Energy
MAR,Marriott International
MPC,Marathon Petroleum
BSX,Boston Scientific
AON,Aon
FDX,FedEx
ICE,Intercontinental Exchange
ETN,Eaton
HUM,Humana
APD,Air Products and Chemicals
VMW,Vmware
VLO,Valero Energy
GM,General Motors
MRNA,Moderna
E,ENI
SAN,Santander
KLAC,KLA
MET,MetLife
NEM,Newmont
EMR,Emerson
RELX,RELX
F,Ford
MCO,Moody's
AEP,American Electric Power
ITUB,Itaú Unibanco
NGG,National Grid
NTR,Nutrien
DG,Dollar General
PANW,Palo Alto Networks
DVN,Devon Energy
CM,CIBC
SRE,Sempra Energy
PSX,Phillips 66
BSBR,Banco Santander Brasil
SNPS,Synopsys
MRVL,Marvell Technology Group
BCE,BCE
BIDU,Baidu
KDP,Keurig Dr Pepper
ADM,Archer Daniels Midland (ADM)
SCCO,Southern Copper
DOW,Dow
COF,Capital One
ECL,Ecolab
TRI,Thomson Reuters
TEAM,Atlassian
SQ,Block
CNC,Centene
NXPI,NXP Semiconductors
EXC,Exelon Corporation
FTNT,Fortinet
CVE,Cenovus Energy
UBER,Uber
KKR,KKR & Co.
MNST,Monster Beverage
LHX,L3Harris Technologies
STZ,Constellation Brands
STLA,Stellantis
ABEV,Ambev
MCK,McKesson
ROP,Roper Technologies
WMB,Williams Companies
PAYX,Paychex
AIG,American International Group
ADSK,Autodesk
KMI,Kinder Morgan
CTVA,Corteva
KHC,Kraft Heinz
KMB,Kimberly-Clark
SHOP,Shopify
VOD,Vodafone
SE,Sea (Garena)
CDNS,Cadence Design Systems
BBD,Banco Bradesco
TEL,TE Connectivity
HSY,The Hershey Company
SYY,Sysco
TAK,Takeda Pharmaceutical
HMC,Honda
RSG,Republic Services
APH,Amphenol
WBD,Warner Bros. Discovery
HPQ,HP
TRV,The Travelers Companies
ING,ING
IQV,IQVIA
ORLY,O'Reilly Automotive
SMFG,Sumitomo Mitsui Financial Group
HLT,Hilton Worldwide
SPG,Simon Property Group
SNOW,Snowflake
GIS,General Mills
WDAY,Workday
BKR,Baker Hughes
XEL,Xcel Energy
CTAS,Cintas
O,Realty Income
AZO,AutoZone
WELL,Welltower
HES,Hess
MELI,MercadoLibre
MCHP,Microchip Technology
EA,Electronic Arts
DLR,Digital Realty
PRU,Prudential Financial
LYG,Lloyds Banking Group
LULU,lululemon athletica
CMG,Chipotle Mexican Grill
A,Agilent Technologies
CTSH,Cognizant Technology Solutions
BNTX,BioNTech
DELL,Dell
AFL,Aflac
KR,Kroger
JCI,Johnson Controls
HAL,Halliburton
MSI,Motorola Solutions
CRWD,CrowdStrike
WBA,Walgreens Boots Alliance
MSCI,MSCI
IMO,Imperial Oil
ALC,Alcon
BK,Bank of New York Mellon
GOLD,Barrick Gold
ILMN,Illumina
ET,Energy Transfer Partners
BAX,Baxter
GPN,Global Payments
ALL,Allstate
LNG,Cheniere Energy
EC,Ecopetrol
DLTR,Dollar Tree
STM,STMicroelectronics
PUK,Prudential
MFC,Manulife Financial
PH,Parker-Hannifin
SBAC,SBA Communications
BCS,Barclays
LYB,LyondellBasell
RACE,Ferrari
ED,Consolidated Edison
APO,Apollo Global Management
TU,Telus
CARR,Carrier
BBVA,Banco Bilbao Vizcaya Argentaria
NUE,Nucor
PEG,PSEG
AJG,Arthur J. Gallagher & Co.
DD,Dupont De Nemours
YUM,Yum! Brands
IFF,International Flavors & Fragrances
TDG,TransDigm
VEEV,Veeva Systems
CHT,Chunghwa Telecom
MPLX,MPLX
WCN,Waste Connections
DDOG,Datadog
TT,Trane Technologies
WIT,Wipro
WEC,WEC Energy Group
ZM,Zoom
MTB,M&T Bank
ES,Eversource Energy
ORAN,Orange
OTIS,Otis Worldwide
ANET,Arista Networks
CRH,Cement Roadstone Holding
TSN,Tyson Foods
FAST,Fastenal
IDXX,IDEXX Laboratories
GFS,GlobalFoundries
LCID,Lucid Motors
RMD,ResMed
DFS,Discover Financial Services
ABC,AmerisourceBergen
WXXWY,WuXi Biologics
PCAR,Paccar
TWTR,Twitter
ODFL,Old Dominion Freight Line
GLW,Corning
NWG,NatWest Group
VICI,VICI Properties
NIO,NIO
OKE,Oneok
AMP,Ameriprise Financial
CMI,Cummins
EQR,Equity Residential
PPG,PPG Industries
MFG,Mizuho Financial Group
MTD,Mettler-Toledo
SQM,Sociedad Química y Minera
BIIB,Biogen
ALB,Albemarle
TLK,Telkom Indonesia
TROW,T. Rowe Price
ROST,Ross Stores
SLF,Sun Life Financial
APTV,Aptiv
DXCM,DexCom
MT,ArcelorMittal
AVB,AvalonBay Communities
WY,Weyerhaeuser
TEF,Telefónica
NOK,Nokia
CTRA,Coterra Energy
CPRT,Copart
AME,Ametek
SIVB,SVB Financial Group
AWK,American Water Works
VRSK,Verisk Analytics
CERN,Cerner
ERIC,Ericsson
FRC,First Republic Bank
FNV,Franco-Nevada
FANG,Diamondback Energy
ON,ON Semiconductor
RPRX,Royalty Pharma
DHI,D. R. Horton
LVS,Las Vegas Sands
FITB,Fifth Third Bank
RIVN,Rivian
ARE,Alexandria Real Estate Equities
EIX,Edison International
ENPH,Enphase Energy
KEYS,Keysight
CAJ,Canon
EBAY,eBay
TTD,The Trade Desk
STT,State Street Corporation
CBRE,CBRE Group
CNHI,CNH Industrial
LUV,Southwest Airlines
SGEN,Seagen
CQP,Cheniere Energy
UDR,UDR Apartments
DTE,DTE Energy
FERG,Ferguson
LI,Li Auto
RCI,Rogers Communication
ROK,Rockwell Automation
NDAQ,Nasdaq
GWW,W. W. Grainger
ZBH,Zimmer Biomet
EXR,Extra Space Storage
CLR,Continental Resources
IBKR,Interactive Brokers
CSGP,CoStar Group
DAL,Delta Air Lines
AEM,Agnico Eagle Mines
SIRI,Sirius XM
PCG,Pacific Gas and Electric
TECK,Teck Resources
HRL,Hormel Foods
EFX,Equifax
CCEP,Coca-Cola European Partners
ETR,Entergy
AEE,Ameren
MKC,McCormick & Company
FE,FirstEnergy
DASH,DoorDash
FTS,Fortis
CDW,CDW Corporation
SNAP,Snap
WST,West Pharmaceutical
HIG,The Hartford
BALL,Ball Corporation
MTCH,Match Group
INVH,Invitation Homes
LEN,Lennar
QSR,Restaurant Brands International
WTW,Willis Towers Watson
PBA,Pembina Pipeline
NTRS,Northern Trust
K,Kellogg's
NPSNY,Naspers
DB,Deutsche Bank
PHG,Philips
LH,LabCorp
VMC,Vulcan Materials
ANSS,Ansys
VTR,Ventas
FTV,Fortive
MRO,Marathon Oil
IX,ORIX
LYV,Live Nation
CPNG,Coupang
ZS,Zscaler
STE,Steris
UMC,United Microelectronics
PPL,PPL
TSCO,Tractor Supply
SPOT,Spotify
MOS,The Mosaic Company
URI,United Rentals
ALGN,Align Technology
MLM,Martin Marietta
CHD,Church & Dwight
ARES,Ares Management
IT,Gartner
MPWR,Monolithic Power Systems
TTWO,Take 2 Interactive
CEG,Constellation Energy
MAA,Mid-America Apartment Communities
WAT,Waters Corporation
XPEV,XPeng
TTM,Tata Motors
HZNP,Horizon Therapeutics
ULTA,ULTA Beauty
ZTO,ZTO Express
RJF,Raymond James
NU,Nu Holdings
EXPE,Expedia Group
DRE,Duke Realty
CMS,CMS Energy
SUI,Sun Communities
ELP,Copel
RF,Regions Financial
CINF,Cincinnati Financial
GRMN,Garmin
TS,Tenaris
VRSN,VeriSign
AMCR,Amcor
PARA,Paramount Global
GIB,CGI
CFG,Citizens Financial Group
CF,CF Industries
AVTR,Avantor
CNP,CenterPoint Energy
GMAB,Genmab
CTLT,Catalent
IR,Ingersoll Rand
LBRDA,Liberty Broadband
HPE,Hewlett Packard Enterprise
HBAN,Huntington Bancshares
VFC,VF Corporation
RYAAY,Ryanair
PAYC,Paycom
GPC,Genuine Parts Company
DOV,Dover
ESS,Essex Property Trust
BIP,Brookfield Infrastructure Partners
WPM,Wheaton Precious Metals
EPAM,EPAM Systems
TDY,Teledyne
MGA,Magna International
FLT,Fleetcor
WDC,Western Digital
JBHT,J. B. Hunt
HOLX,Hologic
MKL,Markel
WRB,W. R. Berkley
PKI,PerkinElmer
MDB,MongoDB
PWR,Quanta Services
ICLR,ICON plc
TWLO,Twilio
EXPD,Expeditors
FOX,Fox Corporation
YUMC,Yum China
AGR,Avangrid
KEY,KeyCorp
PLTR,Palantir
BBY,Best Buy
BEKE,KE Holdings
ACC,American Campus Communities
PKX,POSCO
SHG,Shinhan Financial Group
PFG,Principal
FMS,Fresenius Medical Care
RBLX,Roblox
NET,Cloudflare
SYF,Synchrony
STX,Seagate Technology
J,Jacobs Engineering
EQT,EQT Corporation
VIV,Telefonica Brasil
TRGP,Targa Resources
HEI,HEICO
CS,Credit Suisse
ZBRA,Zebra Technologies
ACGL,Arch Capital
SWK,Stanley Black &amp; Decker
COIN,Coinbase
IP,International Paper
WAB,Wabtec
OKTA,Okta
TER,Teradyne
ROL,Rollins
SWKS,Skyworks Solutions
TRMB,Trimble
GNRC,Generac Power Systems
ARGX,Argenx
BR,Broadridge Financial Solutions
BG,Bunge
CLX,Clorox
BRO,Brown &amp; Brown
SSL,Sasol
CE,Celanese
SPLK,Splunk
RKT,Rocket Companies
HUBS,HubSpot
COO,Cooper Companies
WLK,Westlake Chemical
DOCU,DocuSign
BXP,Boston Properties
ZI,ZoomInfo
MOH,Molina Healthcare
CHKP,Check Point Software
KB,KB Financial Group
SEDG,SolarEdge
TRU,TransUnion
SSNC,SS&C Technologies
INCY,Incyte
ACI,Albertsons
APA,Apache Corporation
POOL,POOLCORP
UI,Ubiquiti
AKAM,Akamai
ATO,Atmos Energy
TW,Tradeweb
EVRG,Evergy
WPC,W. P. Carey
DGX,Quest Diagnostics
L,Loews Corporation
BIO,Bio-Rad Laboratories
ALNY,Alnylam Pharmaceuticals
CCL,Carnival
LPLA,LPL Financial
NTAP,NetApp
IEP,Icahn Enterprises
DRI,Darden Restaurants
STLD,Steel Dynamics
LNT,Alliant Energy
IRM,Iron Mountain
LSXMB,Liberty Media
PEAK,Healthpeak Properties
ASX,ASE Group
KMX,CarMax
XYL,Xylem
CAG,Conagra Brands
HWM,Howmet Aerospace
ZNH,China Southern Airlines
CPT,Camden Property Trust
FMC,FMC
ENTG,Entegris
WMG,Warner Music Group
SUZ,Suzano
BGNE,BeiGene
AMH,American Homes 4 Rent
HST,Host Hotels & Resorts
PKG,Packaging Corporation of America
APP,AppLovin
AES,AES
OVV,Ovintiv
IEX,IDEX
TYL,Tyler Technologies
MGM,MGM Resorts
PODD,Insulet
OMC,Omnicom
CAH,Cardinal Health
UAL,United Airlines Holdings
BPYPP,Brookfield Property Partners
NVR,NVR
AVY,Avery Dennison
ELS,Equity LifeStyle Properties
LDOS,Leidos
FDS,FactSet
CG,Carlyle Group
RCL,Royal Caribbean
BMRN,BioMarin Pharmaceutical
LKQ,LKQ Corporation
TXT,Textron
NLOK,NortonLifeLock
FWONK,Formula One Group
SBNY,Signature Bank
TECH,Bio-Techne
EMN,Eastman Chemical
TCOM,Trip.com
VTRS,Viatris
KIM,Kimco Realty
AR,Antero Resources
HNP,Huaneng Power
SJR,Shaw Communications
ICL,Israel Chemicals
PTC,PTC
EBR,Centrais Electricas Brasileiras
CPB,Campbell Soup
SNN,Smith & Nephew
CHRW,C. H. Robinson
LU,Lufax
ALLY,Ally
CSL,Carlisle Companies
JKHY,Jack Henry &amp; Associates
DAR,Darling Ingredients
SJM,J.M. Smucker Company
MAS,Masco
BILL,Bill.com
DPZ,Domino's Pizza
BEN,Franklin Resources
TFX,Teleflex
CCK,Crown Holdings
TPL,Texas Pacific Land Trust
PINS,Pinterest
CTXS,Citrix Systems
NI,NiSource
XP,XP Inc.
NICE,NICE
NDSN,Nordson
LBTYB,Liberty Global
CHK,Chesapeake Energy
WPP,WPP
WRK,Westrock
AZPN,AspenTech
ROKU,Roku
CNA,CNA Financial
HAS,Hasbro
U,Unity Software
WTRG,Essential Utilities
AER,AerCap
CRL,Charles River Laboratories
IPG,Interpublic Group
FHN,First Horizon National
CHWY,Chewy
CBOE,Cboe
KOF,Coca-Cola FEMSA
CLF,Cleveland-Cliffs
LUMN,Lumen
RS,Reliance Steel &amp; Aluminum
ABMD,Abiomed
SNA,Snap-on
AFG,American Financial Group
FNF,Fidelity National Financial
GDDY,GoDaddy
NMR,Nomura Holdings
DINO,HF Sinclair
DT,Dynatrace
KEP,Korea Electric Power
BLDR,Builders FirstSource
ENIA,Enel Américas
GLPI,Gaming and Leisure Properties
TAP,Molson Coors
HSIC,Henry Schein
IHG,InterContinental Hotels Group
WES,Western Midstream
AAP,Advance Auto Parts
QRVO,Qorvo
REG,Regency Centers
BAH,Booz Allen Hamilton
CEA,China Eastern Airlines
ELAN,Elanco
AA,Alcoa
GRFS,Grifols
DISH,Dish Network
RPM,RPM International
BURL,Burlington Stores
SCI,Service Corporation International
ACH,Aluminum Corporation of China
Y,Alleghany
EQH,Equitable Holdings
VST,Vistra
BAP,Credicorp
REXR,Rexford Industrial
MMP,Magellan Midstream Partners
RE,Everest Re
ZEN,Zendesk
CMA,Comerica
JHX,James Hardie Industries
FCNCA,First Citizens BancShares
FICO,FICO
OTEX,OpenText
BKI,Black Knight
CZR,Caesars Entertainment
NFE,New Fortress Energy
GFL,GFL Environmental
NRG,NRG Energy
GGG,Graco
GGB,Gerdau
CIB,Bancolombia
PHM,PulteGroup
DOX,Amdocs
HTHT,Huazhu Hotels
BCH,Banco de Chile
PLUG,Plug Power
OLPX,Olaplex
AAL,American Airlines
MKTX,MarketAxess
MORN,Morningstar
AEG,AEGON
MTN,Vail Resorts
MPW,Medical Properties Trust
HUBB,Hubbell
QGEN,Qiagen
BHVN,Biohaven Pharmaceutical
UTHR,United Therapeutics
EWBC,East West Bancorp
TEVA,Teva Pharmaceutical Industries
PATH,UiPath
SNX,Synnex
ETSY,Etsy
CUBE,CubeSmart
SWN,Southwestern Energy
BSY,Bentley Systems
GME,GameStop
H,Hyatt Hotels
NWS,News Corp
FFIV,F5 Networks
PCTY,Paylocity
AQN,Algonquin Power & Utilities
OLN,Olin
LSI,Life Storage
CCJ,Cameco
WSO,Watsco
JNPR,Juniper Networks
RHI,Robert Half
PLAN,Anaplan
ACM,AECOM
LOGI,Logitech
WHR,Whirlpool
CLVT,Clarivate
SKM,SK Telecom
BEP,Brookfield Renewable Partners
LW,Lamb Weston
ALLE,Allegion
UHAL,Amerco
AIZ,Assurant
GRAB,Grab Holdings
LAMR,Lamar Advertising
ZG,Zillow
NLY,Annaly Capital Management
AGCO,AGCO
ARCC,Ares Capital
WFG,West Fraser Timber
AOS,A. O. Smith
LNC,Lincoln National Corporation
WMS,Advanced Drainage Systems
BSAC,Banco Santander-Chile
GL,Globe Life
JAZZ,Jazz Pharmaceuticals
BRKR,Bruker
OGN,Organon
BWA,BorgWarner
RRC,Range Resources
BZ,Kanzhun
FBHS,Fortune Brands Home &amp; Security
RDY,Dr. Reddy's
BILI,Bilibili
CAR,Avis Budget Group
WOLF,Wolfspeed
JLL,Jones Lang LaSalle
OC,Owens Corning
DLO,dLocal
ESLT,Elbit Systems
SEE,Sealed Air
RGEN,Repligen
DVA,DaVita
NBIX,Neurocrine Biosciences
NLSN,Nielsen
BBWI,Bath &amp; Body Works
UGI,UGI Corporation
GOL,GOL Airlines
TTC,The Toro Company
UHS,Universal Health Services
DIDI,DiDi
FRT,Federal Realty Investment Trust
SBSW,Sibanye-Stillwater
WBS,Webster Financial
ERIE,Erie Indemnity
ARMK,Aramark
PAG,Penske Automotive
MHK,Mohawk Industries
MAT,Mattel
TPR,Tapestry
WAL,Western Alliance Bancorporation
PNW,Pinnacle West Capital
NWL,Newell Brands
XRAY,Dentsply Sirona
JBL,Jabil
TX,Ternium
GFI,Gold Fields
LAD,Lithia Motors
RRX,Regal Rexnord
WSM,Williams-Sonoma
WF,Woori Financial Group
PPC,Pilgrim's Pride
DBX,Dropbox
TOST,Toast
ZION,Zions Bancorporation
CAE,CAE
HII,Huntington Ingalls Industries
XM,Qualtrics
IVZ,Invesco
AVLR,Avalara
YMM,Full Truck Alliance
CDAY,Ceridian
PNR,Pentair
CNXC,Concentrix
EXAS,Exact Sciences
CGNX,Cognex
NVCR,Novocure
PDCE,PDC Energy
PAA,Plains All American Pipeline
CSAN,Cosan
MRVI,Maravai LifeSciences
GLOB,Globant
CBSH,Commerce Bancshares
LEA,Lear Corporation
RGA,Reinsurance Group of America
NOV,NOV
PSTG,Pure Storage
G,Genpact
HTZ,Hertz
WSC,WillScot
OGE,OGE Energy
FND,Floor &amp; Decor
SWCH,Switch
DXC,DXC Technology
ZIM,ZIM Integrated Shipping Services
BJ,BJ's Wholesale Club
SEIC,SEI Investments
LECO,Lincoln Electric
CFR,Cullen/Frost Bankers
ARW,Arrow Electronics
KNX,Knight-Swift
DCP,DCP Midstream
MIDD,Middleby
CHDN,Churchill Downs
FSLR,First Solar
AGL,Agilon Health
BERY,Berry Global
MANH,Manhattan Associates
IAC,IAC/InterActiveCorp
WEX,WEX
CASY,Casey's General Stores
DLB,Dolby
FLEX,Flex
COLD,Americold
PHI,PLDT
MASI,Masimo
TFII,TFI International
BAK,Braskem
CABO,Cable One
STOR,STORE Capital
TTEK,Tetra Tech
THC,Tenet Healthcare
HOOD,Robinhood
JEF,Jefferies Financial Group
WH,Wyndham Hotels &amp; Resorts
RGLD,Royal Gold
NNN,National Retail Properties
HUN,Huntsman Corporation
CHNG,Change Healthcare
SYNH,Syneos Health
LII,Lennox
ST,Sensata Technologies
WYNN,Wynn Resorts
LEVI,Levi Strauss
RH,Restoration Hardware
PAC,Grupo Aeroportuario del Pacífico
AU,AngloGold Ashanti
STWD,Starwood Property Trust
BSMX,Banco Santander México
CACC,Credit Acceptance
MGY,Magnolia Oil &amp; Gas
CIEN,Ciena
MTDR,Matador Resources
FIVN,Five9
RL,Ralph Lauren
AXON,Axon Enterprise
TREX,Trex
CHH,Choice Hotels International
UNM,Unum
DOCS,Doximity
FIVE,Five Below
WCC,WESCO International
USFD,US Foods
DECK,Deckers Brands
LSCC,Lattice Semiconductor
CHE,Chemed
ORI,Old Republic International
AFRM,Affirm
BRX,Brixmor Property Group
GNTX,Gentex
TIMB,TIM S.A.
DNB,Dun &amp; Bradstreet
ATR,AptarGroup
NXST,Nexstar Media Group
ALV,Autoliv
CPRI,Capri Holdings
LEGN,Legend Biotech
NVEI,Nuvei
KBR,KBR
GPK,Graphic Packaging
AN,AutoNation
PSO,Pearson
KT,KT Corporation
NVST,Envista
OHI,Omega Healthcare
KRC,Kilroy Realty
MBT,Mobile TeleSystems
ADT,ADT
FR,First Industrial Realty Trust
HTA,Healthcare Trust of America
AIRC,Apartment Income REIT
TME,Tencent Music
ONON,On Holding
EGP,EastGroup Properties
CWEN,Clearway Energy
MP,MP Materials
BROS,Dutch Bros
VNO,Vornado Realty Trust
CX,Cemex
LFUS,Littelfuse
WU,Western Union
M,Macy's
CC,Chemours
VOYA,Voya Financial
CIVI,Civitas Resources
GTLS,Chart Industries
SKX,Skechers
MUR,Murphy Oil
RBA,Ritchie Bros. Auctioneers
SF,Stifel
NFG,National Fuel Gas
COHR,Coherent
RNR,RenaissanceRe
CACI,CACI
MKSI,MKS Instruments
ESTC,Elastic NV
GWRE,Guidewire Software
S,SentinelOne
SBS,Sabesp
EDR,Endeavor Group
PB,Prosperity Bancshares
ASR,Grupo Aeroportuario del Sureste
IIVI,II-VI Incorporated
NSA,National Storage
FYBR,Frontier Communications
BLD,TopBuild
PFGC,Performance Food Group
DCI,Donaldson
NCLH,Norwegian Cruise Line
BYD,Boyd Gaming
DKS,Dick's Sporting Goods
DNA,Ginkgo Bioworks
X,U.S. Steel
PLNT,Planet Fitness
EHC,HealthSouth
TIXT,Telus International
GMED,Globus Medical
GXO,GXO Logistics
FAF,First American
ACHC,Acadia Healthcare
UWMC,UWM Holdings
AMC,AMC Entertainment
SRPT,Sarepta Therapeutics
CDK,CDK Global
XPO,XPO Logistics
VLY,Valley Bank
SNV,Synovus
AGNC,AGNC Investment
SHC,Sotera Health
BEPC,Brookfield Renewable
SID,Companhia Siderúrgica Nacional
HALO,Halozyme Therapeutics
PCOR,Procore
SWX,Southwest Gas
ALK,Alaska Airlines
NEP,NextEra Energy Partners
HCP,HashiCorp
AYI,Acuity Brands
VIPS,Vipshop
ITT,ITT
OSK,Oshkosh Corporation
MTZ,MasTec
INGR,Ingredion
BPOP,Banco Popular
WWD,Woodward
TDOC,Teladoc Health
PNFP,Pinnacle Financial Partners
VVV,Valvoline
SSB,South State Corp
FSK,FS KKR Capital
RYN,Rayonier
VAC,Marriott Vacations Worldwide
SM,SM Energy
MUSA,Murphy USA
EXEL,Exelixis
COTY,Coty
FOUR,Shift4 Payments
EEFT,Euronet Worldwide
RCM,R1 RCM
TRQ,Turquoise Hill Resources
SAIL,SailPoint
LYFT,Lyft
GTLB,GitLab
RNG,RingCentral
CFLT,Confluent
AXTA,Axalta
QDEL,Quidel
SITE,SiteOne Landscape Supply
NUTX,Nutex Health
STAG,STAG Industrial
MQ,Marqeta
PLTK,Playtika
NVT,nVent Electric
PII,Polaris
CCCS,CCC Intelligent Solutions
DAVA,Endava
KGC,Kinross Gold
DDS,Dillard's
OLED,Universal Display Corporation
FFIN,First Financial Bankshares
SAIA,Saia
IOT,Samsara
LPX,Louisiana-Pacific
TOL,Toll Brothers
GIL,Gildan
CYBR,CyberArk
VNOM,Viper Energy Partners
CIG,Cemig
BOKF,BOK Financial
BLCO,Bausch + Lomb
MSP,Datto
SWAV,ShockWave Medical
SON,Sonoco
LITE,Lumentum
SYNA,Synaptics
ASH,Ashland
WE,WeWork
TENB,Tenable
TXRH,Texas Roadhouse
ROLL,RBC Bearings
FCN,FTI Consulting
HRB,H&amp;R Block
VMI,Valmont Industries
NYT,New York Times
AZTA,Azenta
LSTR,Landstar System
SHLX,Shell Midstream Partners
COKE,Coca-Cola Consolidated
REYN,Reynolds Consumer
HLI,Houlihan Lokey
RUN,Sunrun
DTM,DT Midstream
BMBL,Bumble
DEI,Douglas Emmett
SRC,Spirit Realty Capital
UNVR,Univar Solutions
SOFI,SoFi
WB,Weibo
HGV,Hilton Grand Vacations
MDU,MDU Resources
DKNG,DraftKings
FLO,Flowers Foods
TV,Televisa
FSV,FirstService
INFA,Informatica
ITCI,Intra-Cellular Therapies
CPG,Crescent Point Energy
DOOO,Bombardier Recreational Products
ENLC,EnLink Midstream
CW,Curtiss-Wright
PENN,Penn National Gaming
W,Wayfair
TWKS,Thoughtworks
EME,Emcor
AUY,Yamana Gold
BC,Brunswick Corporation
OPCH,Option Care Health
IDA,Idacorp
SLAB,Silicon Labs
IRT,Independence Realty Trust
FUTU,Futu Holdings
RLI,RLI Corp.
HQY,HealthEquity
OMF,OneMain Financial
SMG,ScottsMiracle-Gro
HP,Helmerich &amp; Payne
GBCI,Glacier Bancorp
ORCC,Owl Rock Capital
ESI,Element Solutions
COUP,Coupa
KSS,Kohl's
PAGS,PagSeguro
DSGX,Descartes Systems
CR,Crane Co.
KNSL,Kinsale Capital Group
PEN,Penumbra
PRGO,Perrigo
STN,Stantec
NRZ,New Residential Investment
AM,Antero Midstream
GDS,GDS Holdings
IPGP,IPG Photonics
BFAM,Bright Horizons
BXMT,Blackstone Mortgage Trust
CLH,Clean Harbors
ADC,Agree Realty
RHP,Ryman Hospitality Properties
TMX,Terminix Global
SLM,Sallie Mae
LNW,Light &amp; Wonder
EVA,Enviva
THG,Hanover Insurance Group
PSB,PS Business Parks
AMG,Affiliated Managers Group
LHCG,LHC Group
CCMP,Cabot Microelectronics
CELH,Celsius Holdings
OWL,Blue Owl Capital
LEG,Leggett &amp; Platt
HOG,Harley-Davidson
MNDT,Mandiant
IAA,IAA-Insurance Auto Auctions
QLYS,Qualys
TXG,10x Genomics
IONS,Ionis Pharmaceuticals
WTFC,Wintrust Financial
EXP,Eagle Materials
MNDY,monday.com
QS,QuantumScape
NTCO,Natura&Co
CIGI,Colliers International
IART,Integra LifeSciences
DRVN,Driven Brands
ATKR,Atkore
COLM,Columbia Sportswear
SLGN,Silgan Holdings
VG,Vonage Holdings Corp.
CUZ,Cousins Properties
AVAL,Grupo Aval
UBSI,United Bankshares
MSA,MSA Safety
UFPI,Universal Forest Products
ROG,Rogers Corporation
CRSP,CRISPR Therapeutics
PAAS,Pan American Silver
AMKR,Amkor Technology
WWE,World Wrestling Entertainment
TNET,TriNet
LNTH,Lantheus Holdings
CADE,Cadence Bancorp
CHPT,ChargePoint
SAIC,SAIC
CHX,ChampionX
ALIT,Alight
AXS,AXIS Capital
SMAR,Smartsheet
BKH,Black Hills
INSP,Inspire Medical Systems
EXLS,EXL Service
POST,Post Holdings
ASGN,ASGN
LPL,LG Display
OZK,Bank OZK
SSD,Simpson Manufacturing Company
EVO,Evotec
WOOF,Petco
UA,Under Armour
ATUS,Altice USA
DOCN,DigitalOcean
POWI,Power Integrations
TGNA,Tegna
CMC,Commercial Metals Company
PVH,Phillips-Van Heusen
APLS,Apellis Pharmaceuticals
SEB,Seaboard
HXL,Hexcel
MEDP,Medpace
ASND,Ascendis Pharma
IRDM,Iridium Communications
PRI,Primerica
OMCL,Omnicell
ALKS,Alkermes
ALGM,Allegro MicroSystems
SIM,Grupo Simec
SIGI,Selective Insurance
CRK,Comstock Resources
HOMB,Home BancShares
MSM,MSC Industrial Direct
OGS,ONE Gas
CVNA,Carvana
SITM,SiTime
HE,Hawaiian Electric Industries
OPEN,Opendoor
AVT,Avnet
EXPO,Exponent
NCR,NCR Corporation
BWXT,BWX Technologies
PBF,PBF Energy
AVNT,Avient
TRNO,Terreno Realty
ONB,Old National Bank
VIRT,Virtu Financial
ORA,Ormat Technologies
WTS,Watts Water Technologies
NATI,National Instruments
VAL,Valaris
CRUS,Cirrus Logic
TKR,Timken Company
JHG,Janus Henderson
FIZZ,National Beverage
SRCL,Stericycle
LTHM,Livent
SFBS,ServisFirst Bancshares
ESNT,Essent Group
UMBF,UMB Financial
NOVT,Novanta
MAN,ManpowerGroup
KRG,Kite Realty
NYCB,New York Community Bank
YOU,CLEAR Secure
BL,BlackLine
SAFM,Sanderson Farms
EVR,Evercore
AQUA,Evoqua Water Technologies
SSRM,SSR Mining
POR,Portland General Electric
NJR,New Jersey Resources
TNL,Travel + Leisure
AMN,AMN Healthcare Services
ATHM,Autohome
PECO,Phillips Edison &amp; Company
CNX,CNX Resources
ENSG,The Ensign Group
ALTR,Altair Engineering
PINC,Premier
BTG,B2Gold
VNT,Vontier
SNDR,Schneider
TPX,Tempur Sealy
FRSH,Freshworks
PYCR,Paycor
RPD,Rapid7
BECN,Beacon Roofing Supply
ASAI,Assaí Atacadista
STVN,Stevanato
IGT,International Game Technology
PK,Park Hotels &amp; Resorts
RYAN,Ryan Specialty Group
PEGA,Pegasystems
ICUI,ICU Medical
HELE,Helen of Troy
HWC,Hancock Whitney
DOC,Physicians Realty Trust
ASAN,Asana
IRTC,iRhythm
CBT,Cabot Corporation
SAM,Boston Beer Company
MTG,MGIC Investment
AB,AllianceBernstein
SJI,South Jersey Industries
PJT,PJT Partners
PTON,Peloton
HR,Healthcare Realty
PSN,Parsons
FIBK,First Interstate BancSystem
FNB,F.N.B. Corporation
OSH,Oak Street Health
HHC,Howard Hughes Corporation
TRTN,Triton International
R,Ryder
PTEN,Patterson-UTI Energy
AL,Air Lease Corporation
APG,APi Group
KEX,Kirby Corporation
TFSL,TFS Financial
HIW,Highwoods Properties
CERE,Cerevel Therapeutics
JWN,Nordstrom
UPST,Upstart
HBI,Hanesbrands
CNM,Core &amp; Main
ELY,Callaway Golf
DQ,DAQO New Energy
VRT,Vertiv Holdings
THO,Thor Industries
ONTO,Onto Innovation
CWAN,Clearwater Analytics
AMBP,Ardagh Metal Packaging
MSGS,MSG Sports
ACT,Enact Holdings
PNM,PNM Resources
TNDM,Tandem Diabetes Care
LSPD,Lightspeed POS
FLS,Flowserve
WEN,Wendy’s Company
SR,Spire Energy
ABG,Asbury Automotive Group
BCPC,Balchem
WHD,Cactus Wellhead
AWI,Armstrong World Industries
ATC,Atotech
ESGR,Enstar Group
FLR,Fluor Corporation
SPSC,SPS Commerce
TDC,Teradata
IHS,IHS Towers
AIT,Applied Industrial Technologies
YETI,YETI Holdings
GPS,Gap Inc.
CWK,Cushman &amp; Wakefield
PSTH,Pershing Square Tontine
ALSN,Allison Transmission
SMTC,Semtech
BOX,Box
JBT,John Bean Technologies
CVI,CVR Energy
SEAS,SeaWorld Entertainment
AYX,Alteryx
MANT,ManTech
MMS,Maximus
INDB,Independent Bank
ZWS,Zurn Water Solutions
SMPL,Simply Good Foods
MCW,Mister Car Wash
APLE,Apple Hospitality REIT
GH,Guardant Health
ERF,Enerplus
UMPQ,Umpqua Holdings
DEN,Denbury
KOS,Kosmos Energy
GATX,GATX
FUL,H.B. Fuller
AY,Atlantica
MTSI,MACOM
WK,Workiva
NSP,Insperity
SLG,SL Green Realty
MATX,Matson
AGO,Assured Guaranty
VRNS,Varonis
EPR,EPR Properties
CWST,Casella Waste Systems
AMED,Amedisys
VET,Vermilion Energy
CROX,Crocs
PACW,PacWest Bancorp
TRIP,TripAdvisor
GLPG,Galapagos NV
IIPR,Innovative Industrial
WTM,White Mountains Insurance Group
GT,Goodyear
MEOH,Methanex
AEL,American Equity Investment Life Holding
TPTX,Turning Point
DBRG,DigitalBridge Group
DV,DoubleVerify
GTES,Gates Industrial Corp
STGW,Stagwell
ARWR,Arrowhead Pharmaceuticals
FTI,TechnipFMC
CYTK,Cytokinetics
NXRT,NexPoint Residential
HPK,HighPeak Energy
SXT,Sensient Technologies
HLNE,Hamilton Lane
GO,Grocery Outlet
CNS,Cohen &amp; Steers
LIVN,LivaNova
BTU,Peabody Energy
RDN,Radian Group
ZD,Ziff Davis
STNE,StoneCo
MRCY,Mercury Systems
HRI,Herc Holdings
WLL,Whiting Petroleum
PRFT,Perficient
CBU,Community Bank System
WNS,WNS
BNL,Broadstone Net Lease
NTNX,Nutanix
RARE,Ultragenyx
SGRY,Surgery Partners
JOBY,Joby Aviation
SUN,Sunoco
NOMD,Nomad Foods
LESL,Leslie's
ENV,Envestnet
BHF,Brighthouse Financial
ENOV,Enovis
ESMT,EngageSmart
PCH,PotlatchDeltic
CPE,Callon Petroleum
NTRA,Natera
NARI,Inari Medical
APPN,Appian
WD,Walker &amp; Dunlop
ETRN,Equitrans Midstream
APPF,AppFolio
CRC,California Resources Corporation
ALE,Allete
BPMC,Blueprint Medicines
EBC,Eastern Bankshares
BRBR,BellRing Brands
FOXF,Fox Factory Holding
FELE,Franklin Electric
REZI,Resideo Technologies
CVBF,CVB Financial
NSIT,Insight Enterprises
MMSI,Merit Medical
HAYW,Hayward
DUOL,Duolingo
NVAX,Novavax
IQ,iQIYI
SPB,Spectrum Brands
VIAV,VIAVI Solutions
NCNO,nCino
VSCO,Victoria's Secret &amp; Co
BRFS,BRF
BSM,Black Stone Minerals
LAZ,Lazard
NTLA,Intellia Therapeutics
ADNT,Adient
TMHC,Taylor Morrison
DIOD,Diodes Incorporated
BLKB,Blackbaud
LAZR,Luminar Technologies
AUR,Aurora Innovation
ABCM,Abcam
AGI,Alamos Gold
CVAC,Curevac
WIX,Wix.com
SPR,Spirit AeroSystems
ATI,Allegheny Technologies
LBRT,Liberty Oilfield Services
AZEK,The AZEK Company
WBT,Welbilt
DEA,Easterly Government Properties
FCFS,FirstCash
FTCH,Farfetch
VRNT,Verint Systems
NEU,NewMarket Corp
BB,BlackBerry
CXM,Sprinklr
JBLU,Jetblue Airways
UCBI,United Community Bank
HASI,Hannon Armstrong
AJRD,Aerojet Rocketdyne
SEM,Select Medical Holdings
TCN,Tricon Residential
ATCO,Atlas Corp
MPLN,MultiPlan
SBLK,Star Bulk Carriers
BRZE,Braze
BKU,BankUnited
KFY,Korn Ferry
SFNC,Simmons First National
ABM,ABM Industries
VIR,Vir Biotechnology
DSEY,Diversey
HAE,Haemonetics
LAC,Lithium Americas
BHC,Bausch Health
LANC,Lancaster Colony Corporation
KNBE,KnowBe4
COOP,Mr. Cooper Group
SITC,SITE Centers
FHB,First Hawaiian Bank
CNMD,CONMED
FIX,Comfort Systems
SUM,Summit Materials
NWE,NorthWestern Corporation
ALRM,Alarm.com
KMPR,Kemper
JAMF,Jamf
SGHC,Super Group
DORM,Dorman Products
LXP,Lexington Realty Trust
NEWR,New Relic
UNF,UniFirst
SIMO,Silicon Motion
BCC,Boise Cascade
FN,Fabrinet
OUT,Outfront Media
FRPT,Freshpet
KRTX,Karuna Therapeutics
AMR,Alpha Metallurgical Resources
SPWR,SunPower
BOH,Bank of Hawaii
VSH,Vishay Intertechnology
MLI,Mueller Industries
ABCB,Ameris Bancorp
CRI,Carter's
TTEC,TTEC
NNI,Nelnet
JBGS,JBG SMITH
AMBA,Ambarella
ACIW,ACI Worldwide
MC,Moelis &amp; Company
GOGL,Golden Ocean Group
IFS,Intercorp Financial Services
UGP,Ultrapar Participacoes
CATY,Cathay General Bancorp
PZZA,Papa John's Pizza
FORM,FormFactor
VC,Visteon
KLIC,Kulicke and Soffa Industries
FL,Foot Locker
SBRA,Sabra Health Care REIT
CNR,Cornerstone Building Brands
MTH,Meritage Homes
FHI,Federated Hermes
NVMI,Nova Measuring Instruments
STAA,STAAR Surgical
ASB,Associated Banc-Corp
TAC,TransAlta
AVA,Avista
KEN,Kenon Holdings
SHOO,Steve Madden
HI,Hillenbrand
REGI,Renewable Energy Group
FRGE,Forge Global
CERT,Certara
PPBI,Pacific Premier Bancorp
MXL,MaxLinear
SRAD,Sportradar
SKY,Skyline Champion
AMRC,Ameresco
VICR,Vicor
IBTX,Independent Bank Group
GOLF,Acushnet Holdings
BE,Bloom Energy
JXN,Jackson Financial
BANF,BancFirst
PEB,Pebblebrook Hotel Trust
GLBE,Global-e
EQC,Equity Commonwealth
QTWO,Q2
EPRT,Essential Properties Realty Trust
OFC,Corporate Office Properties Trust
PDCO,Patterson Companies
AEIS,Advanced Energy
JKS,Jinko Solar
PSEC,Prospect Capital
ROIV,Roivant Sciences
PAGP,Plains GP
CARG,CarGurus
GPI,Group 1 Automotive
DNLI,Denali Therapeutics
GDRX,GoodRx
NKLA,Nikola
ARNC,Arconic
SFM,Sprouts Farmers Market
AWR,American States Water
KBH,KB Home
ZLAB,Zai Lab
OLLI,Ollie's Bargain Outlet
ASO,Academy Sports
GHC,Graham Holdings
SIG,Signet Jewelers
TROX,Tronox
CWT,California Water Service
ESAB,ESAB
NEX,NexTier Oilfield
VSAT,ViaSat
AAON,Aaon
SGFY,Signify Health
SPT,Sprout Social
LCII,LCI Industries
PCRX,Pacira Biosciences
LTH,Life Time Group
JOE,St. Joe Company
ANGI,ANGI Homeservices
GEF,Greif
XRX,Xerox
RLX,RLX Technology
CPA,Copa Holdings
SONO,Sonos
CMTG,Claros Mortgage Trust
ACAD,ACADIA Pharmaceuticals
CVET,Covetrus
BCO,Brink's
FSR,Fisker
KWR,Quaker Chemical Corporation
CCOI,Cogent Communications
RUSHA,Rush Enterprises
CEQP,Crestwood Equity Partners
KW,Kennedy Wilson
MGEE,MGE Energy
RIG,Transocean
HPP,Hudson Pacific Properties
CVLT,Commvault
IS,IronSource
PBH,Prestige Consumer Healthcare
TWNK,Hostess Brands
LOPE,Grand Canyon Education
SMCI,Supermicro
RNW,ReNew Power
PGNY,Progyny
DY,Dycom Industries
SQSP,Squarespace
OMAB,Grupo Aeroportuario Centro Norte
IBP,Installed Building Products
TCBI,Texas Capital Bancshares
NEOG,Neogen
MMYT,MakeMyTrip
GLNG,Golar LNG
NGVT,Ingevity
LFST,LifeStance Health Group
SAFE,Safehold
RMBS,Rambus
NUVA,NuVasive
ENS,EnerSys
OTTR,Otter Tail
WSFS,WSFS Financial
EVH,Evolent Health
MAIN,Main Street Capital
TRUP,Trupanion
SANM,Sanmina
EURN,Euronav
AIN,Albany International
UNIT,UNITI
NHI,National Health Investors
LZ,LegalZoom
BFH,Bread Financial
HL,Hecla Mining
EVTC,Evertec
MDC,MDC Holdings
COMP,Compass
FUN,Cedar Fair
EQRX,EQRx
MCY,Mercury General
WERN,Werner Enterprises
HUBG,Hub Group
WIRE,Encore Wire
CHGG,Chegg
ARLP,Alliance Resource Partners
CD,Chindata
PFSI,PennyMac
OI,O-I Glass
AIMC,Altra Industrial Motion
UPWK,Upwork
ALGT,Allegiant Air
IBOC,nternational Bancshares Corp
AXNX,Axonics Modulation Tech
TELL,Tellurian
PRVA,Privia Health Group
HRMY,Harmony Biosciences
CCU,Compañía Cervecerías Unidas
FRHC,Freedom Holding
EVEX,Eve Air Mobility
NTCT,NETSCOUT
SHO,Sunstone Hotel Investors
ABR,Arbor Realty Trust
BEAM,Beam Therapeutics
WDFC,WD-40 Company
APAM,Artisan Partners
NOG,Northern Oil and Gas
FWRD,Forward Air
CYXT,Cyxtera Technologies
IOSP,Innospec
UNFI,United Natural Foods
INST,Instructure Holdings
VRRM,Verra Mobility
ACA,Arcosa
ZGN,Ermenegildo Zegna
KD,Kyndryl
AUB,Atlantic Union Bankshares
TKC,Turkcell
MSTR,MicroStrategy
ITGR,Integer Holdings
MTOR,Meritor
PWSC,PowerSchool
USM,U.S. Cellular
SIX,Six Flags
MAC,Macerich
AG,First Majestic Silver
TAL,TAL Education Group
CRVL,CorVel Corporation
AGTI,Agiliti
RTLR,Rattler Midstream
EVGO,EVgo
BDC,Belden
BOOT,Boot Barn Holdings
HEP,Holly Energy Partners
NMRK,Newmark
AAT,American Assets Trust
OMI,Owens &amp; Minor
ITCB,Itaú CorpBanca
TEX,Terex
FULT,Fulton Financial
FOCS,Focus Financial Partners
LFG,Archaea Energy
SCL,Stepan Company
SABR,Sabre
CALX,Calix
DCT,Duck Creek Technologies
MRTX,Mirati Therapeutics
JJSF,J&amp;J Snack Foods
YY,JOYY
ETWO,E2open
CIXX,CI Financial
NOVA,Sunnova
ARCH,Arch Resources
CDEV,Centennial Resource Development
BRC,Brady
COUR,Coursera
CGAU,Centerra Gold
SI,Silvergate Capital
TASK,TaskUs
DAN,Dana
RRR,Red Rock Resorts
PSMT,PriceSmart
AHCO,AdaptHealth
AVAV,AeroVironment
OTLY,Oatly
FRME,First Merchants Corporation
GSAT,Globalstar
WOR,Worthington Industries
CSTM,Constellium
DNUT,Krispy Kreme
CVT,Cvent
COLB,Columbia Bank
HLF,Herbalife
SPXC,SPX Corporation
BMI,Badger Meter
WFRD,Weatherford International
PAX,Patria Investments
CPK,Chesapeake Utilities
IBA,Bachoco
KMT,Kennametal
NUS,Nu Skin
MLKN,MillerKnoll
HTH,Hilltop Holdings
ARVN,Arvinas
GBDC,Golub Capital
SSU,SIGNA Sports United
CENT,Central Garden &amp; Pet
HLIO,Helios Technologies
NE,Noble Corporation
TEO,Telecom Argentina
AX,Axos Financial
CIM,Chimera Investment Corporation
DKL,Delek Logistics Partners
INSM,Insmed
WING,Wingstop Restaurants
PRMW,Primo Water
HAIN,Hain Celestial
IPAR,Interparfums
CNO,CNO Financial Group
THRM,Gentherm
PLXS,Plexus
ITRI,Itron
EAF,GrafTech
ATSG,Air Transport Services Group
QFIN,360 DigiTech
CBRL,Cracker Barrel
GMS,GMS
RLJ,RLJ Lodging Trust
MAXR,Maxar Technologies
LGIH,LGI Homes
CALM,Cal-Maine Foods
FOLD,Amicus Therapeutics
GCP,GCP Applied Technologies
SLVM,Sylvamo
TR,Tootsie Roll Industries
FATE,Fate Therapeutics
RVLV,Revolve
PD,PagerDuty
PIPR,Piper Sandler
ALLG,Allego
OPK,OPKO Health
RKLB,Rocket Lab
VRTV,Veritiv
MSGE,Madison Square Garden
CORT,Corcept Therapeutics
NAVI,Navient
LAUR,Laureate Education
TPG,TPG Capital
HLMN,Hillman Solutions
EYE,National Vision Holdings
EDU,New Oriental
KTB,Kontoor Brands
WEBR,Weber
SAVE,Spirit Airlines
NXE,NexGen Energy
DK,Delek US
GOGO,Gogo Inflight Internet
THS,TreeHouse Foods
FA,First Advantage
DRH,Diamondrock Hospitality Company
UE,Urban Edge Properties
MTX,Minerals Technologies
BVN,Buenaventura Mining Company
ROIC,Retail Opportunity Investments
FCPT,Four Corners Property Trust
CBZ,CBIZ
ZIP,ZipRecruiter
HMY,Harmony Gold
KAI,Kadant
FSS,Federal Signal
KRO,Kronos Worldwide
IVT,InvenTrust Properties
MNTK,Montauk Renewables
PRGS,Progress Software
TPH,TRI Pointe Group
SAGE,Sage Therapeutics
XHR,Xenia Hotels &amp; Resorts
SSTK,Shutterstock
BLDP,Ballard Power Systems
OR,Osisko Gold Royalties
GOOS,Canada Goose
AEO,American Eagle Outfitters
ENR,Energizer Holdings
ESRT,Empire State Realty Trust
EXPI,eXp World Holdings
MGPI,MGP Ingredients
ABCL,AbCellera
WRE,Washington Real Estate Investment Trust
INMD,InMode
TTGT,TechTarget
ULCC,Frontier Airlines
EVOP,EVO Payments
NRGV,Energy Vault
TOWN,TowneBank
CSIQ,Canadian Solar
TRN,Trinity Industries
WAFD,WaFd Bank
MED,Medifast
YELP,Yelp
FRO,Frontline
SES,SES AI
STNG,Scorpio Tankers
AI,C3 AI
DOOR,Masonite
WMK,Weis Markets
SBCF,Seacoast Banking
URBN,Urban Outfitters
TLRY,Tilray
VSTO,Vista Outdoor
ENIC,Enel Chile
FLYW,Flywire
ALHC,Alignment Healthcare
PGRE,Paramount Group
FTAI,Fortress Transportation
AMPL,Amplitude
RELY,Remitly
ACLS,Axcelis Technologies
LILA,Liberty Latin America
PTCT,PTC Therapeutics
MNRL,Brigham Minerals
NPO,EnPro Industries
IDCC,InterDigital
GNW,Genworth Financial
FBK,FB Financial
GKOS,Glaukos
WSBC,WesBanco
SKIN,The Beauty Health Company
KAR,KAR Auction Services
MGRC,McGrath RentCorp
KRNT,Kornit Digital
CSGS,CSG International
ARCB,ArcBest
MDRX,Allscripts
APPS,Digital Turbine
RES,RPC
CNK,Cinemark Theatres
ENVX,Enovix
SHAK,Shake Shack
CINT,CI&amp;T
MANU,Manchester United
UDMY,Udemy
BANR,Banner Bank
FTDR,Frontdoor
NG,NovaGold Resources
ERJ,Embraer
ZETA,Zeta Global
FBC,Flagstar Bank
AAWW,Atlas Air Worldwide Holdings
BUR,Burford Capital
SATS,EchoStar
PRK,Park National Corp
VCTR,Victory Capital
PRCT,PROCEPT BioRobotics
FFBC,First Financial Bank
WRBY,Warby Parker
PSFE,Paysafe
NABL,N-Able
TALO,Talos Energy
ATRC,AtriCure
STER,Sterling Check
SWI,SolarWinds
BCRX,BioCryst Pharmaceuticals
AKR,Acadia Realty Trust
TDS,Telephone and Data Systems
WOW,WideOpenWest
TSP,TuSimple
FROG,Jfrog
MWA,Mueller Water Products
CVCO,Cavco Industries
GPRE,Green Plains
PRM,Perimeter Solutions
ICFI,ICF
RXT,Rackspace Technology
CEIX,CONSOL Energy
WWW,Wolverine World Wide
NVEE,NV5 Global
MNTV,Momentive Global
RLAY,Relay Therapeutics
DH,Definitive Healthcare
SG,Sweetgreen
SASR,Sandy Spring Bank
NWN,NW Natural
VGR,Vector Group
SDGR,Schrödinger
BOWL,Bowlero
SJW,SJW Group
BDN,Brandywine Realty Trust
EPC,Edgewell Personal Care
VBTX,Veritex Holdings
HTLF,Heartland Financial USA
PAY,Paymentus
LXU,LSB Industries
PTVE,Pactiv Evergreen
CRDO,Credo Technology
CCXI,ChemoCentryx
HCC,Warrior Met Coal
B,Barnes Group
EVCM,EverCommerce
EQX,Equinox Gold
GFF,Griffon Corporation
BLMN,Bloomin' Brands
GTN,Gray Television
LPI,Laredo Petroleum
VCSA,Vacasa
GSHD,Goosehead Insurance
AMPH,Amphastar Pharmaceuticals
SKT,Tanger Factory Outlet Centers
KTOS,Kratos Defense &amp; Security Solutions
SGML,Sigma Lithium
ODP,Office Depot
TWO,Two Harbors Investment
IAS,Integral Ad Science
AVDX,AvidXchange
TRMK,Trustmark
CMRE,Costamare
USAC,USA Compression Partners
NS,NuStar Energy
MCG,Membership Collective
WBX,Wallbox
SPCE,Virgin Galactic
PAYO,Payoneer
TBK,Triumph Bancorp
SAH,Sonic Automotive
KN,Knowles
RAMP,LiveRamp
CCS,Century Communities
LKFN,Lakeland Financial Corp
VORB,Virgin Orbit
SYBT,Stock Yards Bancorp
STRY,Starry Group
TWST,Twist Bioscience
CTRE,CareTrust REIT
XPER,Xperi
LOB,Live Oak Bank
PDM,Piedmont Office Realty Trust
HOPE,Hope Bancorp
DAC,Danaos
YPF,Yacimientos Petrolíferos Fiscales
ARI,Apollo Commercial Real Estate
ESE,ESCO Technologies
HTGC,Hercules Capital
CGC,Canopy Growth
VZIO,VIZIO
IRWD,Ironwood Pharmaceuticals
PING,Ping Identity Holding
MD,Mednax
PLAY,Dave & Buster's
IHRT,iHeartMedia
PFS,Provident Financial Services
RNST,Renasant Corp
ARRY,Array Technologies
POLY,Plantronics
SHLS,Shoals Technologies
CSWI,CSW Industrials
VLRS,Volaris
MTRN,Materion
OLO,Olo
IMKTA,Ingles Markets
TSE,Trinseo
CNNE,Cannae Holdings
AIR,AAR
ARIS,Aris Water Solutions
EFSC,Enterprise Financial Services Corp
RC,Ready Capital
LRN,K12
CRCT,Cricut
GBT,Global Blood Therapeutics
NBR,Nabors Industries
CRS,Carpenter Technology
CAKE,The Cheesecake Factory
VERX,Vertex
AMEH,Apollo Medical Holdings
STEP,StepStone Group
SEMR,Semrush
COMM,CommScope
MIR,Mirion Technologies
JELD,Jeld-Wen
HCM,HUTCHMED
LPRO,Open Lending
EVRI,Everi Holdings
XENE,Xenon Pharmaceuticals
STRA,Strategic Education
TIGO,Millicom
FORG,ForgeRock
HIMX,Himax
SBGI,Sinclair Broadcast
DWAC,Digital World Acquisition
NVRO,Nevro
ESTE,Earthstone Energy
MEI,Methode Electronics
VRE,Veris Residential
JBI,Janus International Group
DFH,Dream Finders Homes
CODI,Compass Diversified Holdings
ZNTL,Zentalis Pharmaceuticals
ARCO,Arcos Dorados Holdings
APTS,Preferred Apartment Communities
EBS,Emergent BioSolutions
BKE,Buckle
INT,World Fuel Services
TUYA,tuya
EXFY,Expensify
TVTY,Tivity Health
RCUS,Arcus Biosciences
AUPH,Aurinia Pharmaceuticals
KALU,Kaiser Aluminum
HNI,HNI Corporation
NWBI,Northwest Bank
KNTK,Kinetik
FLNG,Flex Lng
ONEM,One Medical
NMIH,NMI Holdings
PLMR,Palomar Holdings
WABC,Westamerica Bancorporation
LC,LendingClub
WGO,Winnebago Industries
NBTB,NBT Bancorp
BYND,Beyond Meat
EMBC,Embecta
KRYS,Krystal Biotech
MNSO,MINISO Group
FLGT,Fulgent Genetics
BRP,BRP Group
EXAI,Exscientia
AROC,Archrock
TGH,Textainer Group
EVBG,Everbridge
SFL,SFL Corp
TSLX,Sixth Street Specialty Lending
SNEX,StoneX Group
MYRG,MYR Group
CMP,Compass Minerals
XMTR,Xometry
PCT,PureCycle Technologies
PLUS,ePlus
NTB,Bank of N. T. Butterfield & Son
HMN,Horace Mann Educators
AMCX,AMC Networks
MFGP,Micro Focus
PL,Planet Labs
MTTR,Matterport
EGBN,Eagle Bancorp
MMI,Marcus &amp; Millichap
TCBK,TriCo Bancshares
MYGN,Myriad Genetics
EGO,Eldorado Gold
SBH,Sally Beauty Holdings
NEGG,Newegg
XPRO,Expro Group
OXM,Oxford Industries
CELU,Celularity
CRTO,Criteo
UVV,Universal Corporation
ASTS,AST SpaceMobile
TVTX,Travere Therapeutics
GNL,Global Net Lease
HBM,Hudbay Minerals
CRSR,Corsair Gaming
FVRR,Fiverr
ATGE,Adtalem Global Education
GDOT,Green Dot
MNRO,Monro
BGS,B&amp;G Foods
VVNT,Vivint Smart Home
DVAX,Dynavax Technologies
MVST,Microvast
AMK,AssetMark
MSEX,Middlesex Water Company
PLYA,Playa Hotels &amp; Resorts
GEL,Genesis Energy  L.P.
RILY,B. Riley Financial
TDCX,TDCX
STC,Stewart Information Services
ARGO,Argo Group
ESTA,Establishment Labs
CXW,CoreCivic
SUPN,Supernus Pharmaceuticals
LTC,LTC Properties
FCEL,FuelCell Energy
FSLY,Fastly
RCII,Rent-A-Center
PMT,PennyMac Mortgage Investment Trust
TTMI,TTM Technologies
MAG,MAG Silver
FRG,Franchise Group
JACK,Jack in the Box
SPNS,Sapiens
VMEO,Vimeo
OLK,Olink Holding
MRTN,Marten Transport
STAR,iStar
ALEX,Alexander &amp; Baldwin
GVA,Granite Construction
ROCK,Gibraltar Industries
CTOS,Custom Truck One Source
LADR,Ladder Cap
PRAA,PRA Group
IBRX,ImmunityBio
COHU,Cohu
BALY,Bally's Corporation
LNN,Lindsay Corporation
GSM,Ferroglobe
USPH,U.S. Physical Therapy
XPEL,XPEL
PTRA,Proterra
VHI,Valhi
OSIS,OSI Systems
RLGY,Realogy
VRTS,Virtus Investment Partners
SOVO,Sovos Brands
QRTEA,Qurate Retail Group
IMCR,Immunocore
TEN,Tenneco
ECVT,Ecovyst
RADI,Radius Global Infrastructure
FORTY,Formula Systems
LGND,Ligand Pharmaceuticals
MGNI,Magnite
KFRC,Kforce
RVMD,Revolution Medicines
ADV,Advantage Solutions
MFA,MFA Financial
USNA,USANA
GDEN,Golden Entertainment
FIGS,FIGS
PX,P10
DDD,3D Systems
PUMP,ProPetro
OFG,OFG Bancorp
CFFN,Capitol Federal Savings Bank
ELF,e.l.f. Cosmetics
CDNA,CareDx
CLB,Core Laboratories
GBX,The Greenbrier Companies
MODV,ModivCare
CLS,Celestica
BATRK,Braves Group
PLAB,Photronics
SAFT,Safety Insurance
STEM,stem
PATK,Patrick Industries
CHEF,The Chefs' Warehouse
SWIM,Latham Group
PTNR,Partner Communications
HLLY,Holley
SCS,Steelcase
GGAL,Galicia Financial Group
GIC,Global Industrial Company
CUBI,Customers Bancorp
PRLB,Protolabs
ACVA,ACV Auctions
SRRA,Sierra Oncology
TARO,Taro Pharmaceutical
AZUL,Azul
PRO,PROS
SKYW,SkyWest
SLDP,Solid Power
AVNS,Avanos Medical
SAND,Sandstorm Gold
ADUS,Addus HomeCare
LAW,CS Disco
PRIM,Primoris Services Corporation
SLCA,U.S. Silica
FBNC,First Bancorp
LICY,Li-Cycle
MHO,M/I Homes
HEES,H&amp;E Equipment Services
OSTK,Overstock.com
ANDE,The Andersons
EXTR,Extreme Networks
EAT,Brinker International
PAM,Pampa Energía
SSYS,Stratasys
FCF,First Commonwealth Financial Corp
MCRI,Monarch Casino &amp; Resort
HCSG,Healthcare Services Group
BIGC,BigCommerce
CTS,CTS Corporation
BUSE,First Busey
KREF,KKR Real Estate Finance Trust
AVID,Avid Technology
ALKT,Alkami Technology
SBSI,Southside Bancshares
ASIX,AdvanSix
XNCR,Xencor
SPTN,SpartanNash
GIII,G-III Apparel Group
SSP,E. W. Scripps Company
LMND,Lemonade
PRTA,Prothena
HURN,Huron Consulting
VCYT,Veracyte
VCEL,Vericel
CAMT,Camtek
RSI,Rush Street Interactive
SCHL,Scholastic
GTY,Getty Realty
PCVX,Vaxcyte
OII,Oceaneering International
FFWM,First Foundation
DNOW,NOW Inc.
ZUO,Zuora
VALN,Valneva SE
SILK,Silk Road Medical
NVX,Novonix
CLNE,Clean Energy Fuels
GDEV,Nexters
GDYN,Grid Dynamics
PACB,Pacific Biosciences
CYRX,CryoPort
PI,Impinj
LYEL,Lyell Immunopharma
RPAY,Repay Holdings
RWT,Redwood Trust
BHLB,Berkshire Hills Bancorp
OEC,Orion Engineered Carbons
IOVA,Iovance Biotherapeutics
TRS,TriMas
INFN,Infinera
MEG,Montrose Environmental
CHCO,City Holding Company
RXRX,Recursion Pharmaceuticals
INTA,Intapp
AHH,Armada Hoffler Properties
LPSN,LivePerson
DCOM,Dime Community Bancshares
NBHC,National Bank Holdings
MDGL,Madrigal Pharmaceuticals
KIND,Nextdoor
EB,Eventbrite
EPAC,Enerpac Tool Group
IRBT,iRobot
GES,Guess
BV,BrightView
AGRO,Adecoagro
INSW,International Seaways
ME,23andMe
PGTI,PGT Innovations
MOMO,Momo
KYN,Kayne Anderson Capital Advisors
ERII,Energy Recovery
HYZN,Hyzon Motors
NYMT,New York Mortgage Trust
SA,Seabridge Gold
SMRT,SmartRent
MTL,Mechel PAO
CASH,Meta Financial Group
SGH,SMART Global Holdings
RETA,Reata Pharmaceuticals
OPAD,Offerpad
ROAD,Construction Partners
PRA,ProAssurance
HRT,HireRight
ATEN,A10 Networks
CNXN,PC Connection
ALLO,Allogene Therapeutics
RYI,Ryerson
FDP,Fresh Del Monte Produce
WISH,ContextLogic (wish.com)
OCFC,OceanFirst Financial
CLOV,Clover Health Investments
OM,Outset Medical
SRCE,1st Source
GRBK,Green Brick Partners
VIVO,Meridian Bioscience
CDE,Coeur Mining
BGCP,BGC Partners
TNC,Tennant Company
BRSP,BrightSpire Capital
MBUU,Malibu Boats
TWI,Titan International
SAVA,Cassava Sciences
MNKD,MannKind Corp
BANC,Banc of California
NEXA,Nexa Resources
CNDT,Conduent
HTLD,Heartland Express
VERU,Veru
SHEN,Shentel
AOSL,Alpha &amp; Omega Semiconductor
ACHR,Archer Aviation
TBBK,The Bancorp
SCHN,Schnitzer Steel
TRMD,TORM
RDFN,Redfin
EIG,Employers Holdings
STBA,S&amp;T Bancorp
SXI,Standex
RXDX,Prometheus Biosciences
DBI,Designer Brands
CANO,Cano Health
CLMT,Calumet Specialty Products Partners
RDWR,Radware
CRNC,Cerence
TDW,Tidewater
CENX,Century Aluminum
AFYA,Afya
MBIN,Merchants Bancorp
WTI,W&amp;T Offshore
SILV,SilverCrest Metals
OFLX,Omega Flex
AZZ,AZZ
RDNT,RadNet
PDS,Precision Drilling Corporation
TMST,TimkenSteel
CMPR,Cimpress
UEC,Uranium Energy
MLAB,Mesa Laboratories
CBD,GPA
VECO,Veeco
PUBM,PubMatic
DOMO,Domo
KC,Kingsoft Cloud
GNK,Genco Shipping &amp; Trading
ORLA,Orla Mining
ATRI,Atrion
ARVL,Arrival
AGM,Federal Agricultural Mortgage
BRKL,Brookline Bancorp
IAG,Iamgold
CAL,Caleres
UTZ,Utz Brands
MYOV,Myovant Sciences
IONQ,IonQ
AGIO,Agios Pharmaceuticals
CNOB,ConnectOne Bancorp
CRON,Cronos Group
SVC,Service Properties Trust
ASTE,Astec Industries
NTST,Netstreit
NHC,National Healthcare
PAR,PAR Technology
ARQT,Arcutis Biotherapeutics
DCBO,Docebo
LZB,La-Z-Boy
AMWL,American Well
AVPT,AvePoint
ACEL,Accel Entertainment
VTNR,Vertex Energy
PACK,Ranpak
CWH,Camping World
UMH,UMH Properties
KDNY,Chinook Therapeutics
GPRO,GoPro
INVA,Innoviva
SWTX,SpringWorks Therapeutics
BBIO,BridgeBio Pharma
DRQ,Dril-Quip
SANA,Sana Biotechnology
PHR,Phreesia
AMRX,Amneal Pharmaceuticals
BHG,Bright Health
OSCR,Oscar Health
PBFX,PBF Logistics
TGI,Triumph Group
PLL,Piedmont Lithium
PARR,Par Pacific Holdings
BKD,Brookdale Senior Living
KAMN,Kaman
HSKA,Heska Corporation
HLIT,Harmonic
GPRK,Geopark
EGLE,Eagle Bulk Shipping
MAPS,WM Technology
SLP,Simulations Plus
TGLS,Tecnoglass
UUUU,Energy Fuels
ROVR,Rover
GB,Global Blue Group
FSM,Fortuna Silver Mines
ANF,Abercrombie &amp; Fitch
RPT,RPT Realty
CAAP,Corporación América Airports
AGYS,Agilysys
DLX,Deluxe
ENVA,Enova International
ROCC,Ranger Oil
LEV,Lion Electric
DHT,DHT Holdings
ZH,Zhihu
DNN,Denison Mines
MATW,Matthews International Corporation
OPI,Office Properties Income Trust
NEO,NeoGenomics
FNKO,Funko
NVTS,Navitas Semiconductor
LMAT,LeMaitre Vascular
RTL,The Necessity Retail REIT
EVTL,Vertical Aerospace
OBNK,Origin Bancorp
AXL,American Axle &amp; Manufacturing
VTEX,VTEX
AMTB,Amerant Bancorp
MERC,Mercer International
LBAI,Lakeland Bancorp
SKIL,Skillsoft
WTTR,Select Energy Services
CMCO,Columbus McKinnon
GRNA,GreenLight Biosciences
QCRH,QCR Holdings
SCWX,Secureworks
TGS,Transportadora de Gas del Sur
AXSM,Axsome Therapeutics
SLI,Standard Lithium
SCSC,ScanSource
CZOO,Cazoo
FREY,FREYR Battery
SD,SandRidge Energy
ADPT,Adaptive Biotechnologies
BORR,Borr Drilling
RGNX,REGENXBIO
ORGN,Origin Materials
DFIN,Donnelley Financial Solutions
BRMK,Broadmark Realty Capital
MYTE,MYT Netherlands Parent (Mytheresa)
HOLI,Hollysys Automation Technologie
GLDD,Great Lakes Dredge &amp; Dock Corp.
AMSF,AMERISAFE
IMAX,Imax Corp
AZRE,Azure Power
MGI,MoneyGram
AVO,Mission Produce
BMA,Banco Macro
CDLX,Cardlytics
FORR,Forrester Research
RVNC,Revance Therapeutics
HUYA,Huya
MRC,MRC Global
FFIE,Faraday Future
PGRU,PropertyGuru
EBIX,Ebix
WLKP,Westlake Chemical Partners
BRG,Bluerock Residential
AIV,Aimco
INN,Summit Hotel Properties
ARCE,Arco Platform
SFIX,Stitch Fix
SWIR,Sierra Wireless
DOLE,Dole PLC
NGD,New Gold
ADTN,ADTRAN
OBE,Obsidian Energy
NFGC,New Found Gold
CLBT,Cellebrite
NMM,Navios Maritime Partners
EFC,Ellington Financial
CBL,CBL Properties
TRMR,Tremor International
JRVR,James River Group
CDRE,Cadre
SST,System1
SNPO,Snap One
RGTI,Rigetti Computing
MARA,Marathon Digital Holdings
FGEN,FibroGen
SUMO,Sumo Logic
PERI,Perion Network
SNDX,Syndax Pharmaceuticals
ENTA,Enanta Pharmaceuticals
LDI,loanDepot
GEVO,Gevo
CLFD,Clearfield
RBCAA,Republic Bank
SNBR,Sleep Number
UTL,Unitil Corporation
MODN,Model N
MYE,Myers Industries
MRUS,Merus
MORF,Morphic Therapeutic
HFWA,Heritage Financial
BHE,Benchmark Electronics
CORZ,Core Scientific
XPOF,Xponential Fitness
KURA,Kura Oncology
CHCT,Community Healthcare Trust
DGII,Digi International
NEXT,NextDecade Corp
VREX,Varex Imaging
SNDL,Sundial Growers
VEON,VEON
LIDR,AEye
MX,Magnachip
KIDS,OrthoPediatrics
AMWD,American Woodmark
WETF,WisdomTree Investments
PDFS,PDF Solutions
CERS,Cerus
RCKT,Rocket Pharmaceuticals
LAND,Gladstone Land
SPLP,Steel Partners
OSW,OneSpaWorld
BSIG,BrightSphere Investment Group
WRLD,World Acceptance Corporation
SWM,Schweitzer-Mauduit International
INDI,indie Semiconductor
SPNT,SiriusPoint
HZO,MarineMax
IPI,Intrepid Potash
CNSL,Consolidated Communications
BIRD,Allbirds
POSH,Poshmark
THRY,Thryv
BLU,BELLUS Health
WKME,WalkMe
SLRC,SLR Investment
UIS,Unisys
WASH,Washington Trust Bancorp
GMRE,Global Medical REIT
ACMR,ACM Research
AC,Associated Capital Group
EGHT,8x8
ICHR,Ichor Systems
GEO,Geo Group
MGIC,Magic Software
USER,UserTesting
RSKD,Riskified
CISO,Cerberus Cyber Sentinel
CEVA,CEVA
MCB,Metropolitan Bank Holding
CAPL,CrossAmerica Partners
BLND,Blend Labs
GOEV,Canoo
HA,Hawaiian Airlines
BXC,Bluelinx
TILE,Interface
MTLS,Materialise NV
TREE,LendingTree
HIMS,Hims &amp; Hers Health
FOR,Forestar Group
KROS,Keros Therapeutics
NPTN,NeoPhotonics
CDMO,Avid Bioservices
IIIN,Insteel Industries
BCOR,Blucora
ABTX,Allegiance Bancshares
TSAT,Telesat
ATEX,Anterix
ARHS,Arhaus
CUTR,Cutera
LILM,Lilium
KRNY,Kearny Financial
VTOL,Bristow Group
HLGN,Heliogen
SHYF,The Shyft Group
EDIT,Editas Medicine
IMGN,ImmunoGen
UFCS,United Fire Group
TRTX,TPG Real Estate Finance Trust
NUVB,Nuvation Bio
LLAP,Terran Orbital
ARQQ,Arqit Quantum
GCO,Genesco
HCAT,Health Catalyst
MIRM,Mirum Pharmaceuticals
BROG,Brooge Energy
IMXI,International Money Express
REPL,Replimune
EE,Excelerate Energy
KYMR,Kymera Therapeutics
KARO,Karooooo
WNC,Wabash National
PLYM,Plymouth Industrial REIT
VIST,Vista Oil &amp; Gas
UVSP,Univest
HIPO,Hippo
GOOD,Gladstone Commercial
RIOT,Riot Blockchain
MOV,Movado
NRDS,NerdWallet
ACRE,Ares Commercial Real Estate
ARR,ARMOUR Residential REIT
NSTG,NanoString Technologies
NNDM,Nano Dimension
ANGO,AngioDynamics
HLTH,Cue Health
TIL,Instil Bio
PAYA,Paya
FMBH,First Mid-Illinois Bancshares
HBNC,Horizon Bancorp
LWLG,Lightwave Logic
RMAX,RE/MAX Holdings
MBI,MBIA
TBLA,Taboola.com
MYPS,Playstudios
CLAR,Clarus
GRC,Gorman-Rupp
ULH,Universal Logistics Holdings
LVLU,Lulu's Fashion Lounge
NX,Quanex Building Products
PFHC,ProFrac
FPI,Farmland Partners
AMRS,Amyris
REVG,REV Group
PAHC,Phibro Animal Health
SCVL,Shoe Carnival
CCF,Chase Corporation
NESR,National Energy Services Reunited
AUDC,AudioCodes
SBOW,SilverBow Resources
STRL,Sterling Construction
CGBD,TCG BDC
NWLI,National Western Life
JMIA,Jumia
NSSC,NAPCO Security Technologies
SP,SP Plus Corporation
DCPH,Deciphera Pharmaceuticals
KELYA,Kelly Services
PRDO,Perdoceo Education
ASLE,AerSale
DAVE,Dave Inc.
ALEC,Alector
CTBI,Community Trust Bancorp
MOR,Morphosys
CYH,Community Health Systems
SWBI,Smith &amp; Wesson
PMVP,PMV Pharmaceuticals
ONL,Orion Office REIT
AORT,Artivion
EOLS,Evolus
TBI,TrueBlue
COWN,Cowen
LPG,Dorian LPG
HAFC,Hanmi Financial
ENFN,Enfusion
HONE,HarborOne Bancorp
HMST,HomeStreet Bank
IDT,IDT Corporation
ORGO,Organogenesis
AMLX,Amylyx Pharmaceuticals
TWOU,2U
CARS,Cars.com
COCO,The Vita Coco Company
BIG,Big Lots
PLOW,Douglas Dynamics
RENN,Renren
LOMA,Loma Negra
VERV,Verve Therapeutics
EXK,Endeavour Silver
SMWB,Similarweb
UHT,Universal Health Realty Income Trust
TNK,Teekay Tankers
SEAT,Vivid Seats
IMAB,I-Mab Biopharma
ADTH,AdTheorent
SLAM,Slam Corp
TTI,Tetra Technologies
ACCO,Acco Brands
IGMS,IGM Biosciences
CCRN,Cross Country Healthcare
WINA,Winmark
CCO,Clear Channel Outdoor
QURE,uniQure
FFIC,Flushing Financial Corp
HIFS,Hingham Institution for Savings
ATNI,ATN International
SMFR,Sema4
NVTA,Invitae
BASE,Couchbase
BIOX,Bioceres Crop Solutions
TBPH,Theravance Biopharma
ERAS,Erasca
HTBK,Heritage Commerce
LUNG,Pulmonx
OSBC,Old Second Bancorp
BFLY,Butterfly Network
LBC,Luther Burbank
CAN,Canaan
GTE,Gran Tierra Energy
HLX,Helix Energy Solutions
SKLZ,Skillz
HSII,Heidrick &amp; Struggles
HCCI,Heritage-Crystal Clean
TLS,Telos
UBA,UB Properties
NKTR,Nektar Therapeutics
BLNK,Blink Charging
ITOS,iTeos Therapeutics
SXC,SunCoke Energy
ASTR,Astra Space
PWP,Perella Weinberg Partners
CVGW,Calavo Growers
AMRN,Amarin Corporation
SRNE,Sorrento Therapeutics
NP,Neenah
AVXL,Anavex Life Sciences
JOUT,Johnson Outdoors
MMX,Maverix Metals
HSC,Harsco
CDXS,Codexis
YEXT,Yext
TH,Target Hospitality
CPF,Central Pacific Financial
QTRX,Quanterix
DM,Desktop Metal
LND,Brasil Agro
BOC,Boston Omaha
CSII,Cardiovascular Systems
RNA,Avidity Biosciences
BZUN,Baozun
RUTH,Ruth's Hospitality Group
METC,Ramaco Resources
AMAL,Amalgamated Financial
AVIR,Atea Pharmaceuticals
HYLN,Hyliion
AEVA,Aeva Technologies
IESC,IES Holdings
FLWS,1-800-Flowers
BBBY,Bed Bath &amp; Beyond
HY,Hyster-Yale Materials Handling
HCKT,The Hackett Group
HIBB,Hibbett Sports
VVI,Viad
CAC,Camden National Bank
INDT,INDUS Realty Trust
DOMA,Doma
UP,Wheels Up
ARLO,Arlo Technologies
CINC,CinCor Pharma
CRAI,CRA International
PTLO,Portillo's
TGTX,TG Therapeutics
NFBK,Northfield Bancorp
BODY,The Beachbody Company
QSI,Quantum-Si
MVIS,Microvision
DENN,Denny's
VINP,Vinci Partners
HUMA,Humacyte
TITN,Titan Machinery
TRVG,trivago
TRIN,Trinity Capital
CLDT,Chatham Lodging Trust
CTIC,CTI BioPharma
BW,Babcock &amp; Wilcox
SEER,Seer
DESP,Despegar
BBAR,BBVA Argentina
PHVS,Pharvaris
FXLV,F45 Training
TIGR,UP Fintech (Tiger Brokers)
BLFS,Biolife Solutions
BJRI,BJ's Restaurants
FUBO,fuboTV
HSTM,HealthStream
RADA,RADA Electronic Industries
AGX,Argan
FBMS,The First Bancshares
PRTC,PureTech Health
SUNL,Sunlight Financial
HCI,HCI Group
OPRA,Opera
INGN,Inogen
MOD,Modine Manufacturing
TRST,TrustCo Bank
GENI,Genius Sports
ZUMZ,Zumiez
CSV,Carriage Services
CHS,Chico's
FCUV,Focus Universal
WSR,Whitestone REIT
EGRX,Eagle Pharmaceuticals
DDI,DoubleDown Interactive
PEAR,Pear Therapeutics
CION,CION Investment
SB,Safe Bulkers
DX,Dynex Capital
PLCE,The Children's Place
GWH,ESS Tech
INVZ,Innoviz
FLNC,Fluence Energy
QNST,QuinStreet
UFPT,UFP Technologies
ONTF,ON24
NEWT,Newtek
ATAI,Atai Life Sciences
KOP,Koppers
GPMT,Granite Point Mortgage Trust
OWLT,Owlet
ANAB,AnaptysBio
CURV,Torrid
SRI,Stoneridge
DAO,Youdao
DRD,DRDGOLD
RMNI,Rimini Street
CIO,City Office REIT
ZEAL,Zealand Pharma
YORW,York Water
YMAB,Y-mAbs Therapeutics
CHRS,Coherus BioSciences
MAXN,Maxeon Solar Technologies
MAX,MediaAlpha
ATLC,Atlanticus
CEPU,Central Puerto
FARO,Faro Technologies
DHIL,Diamond Hill Investment Group
NIU,NIU
LGO,Largo
GCI,Gannett
BOOM,Dynamic Materials Corporation
SOND,Sonder Holdings
COOK,Traeger
ETD,Ethan Allen
VNDA,Vanda Pharmaceuticals
AMSWA,American Software
DICE,DICE Therapeutics
CTT,CatchMark Timber Trust
DXPE,DXP Enterprises
LASR,nLIGHT
OLP,One Liberty Properties
AAN,Aaron's
REPX,Riley Permian
TTCF,Tattooed Chef
IMGO,Imago BioSciences
VAXX,Vaxxinity
ONEW,OneWater Marine
BVH,Bluegreen Vacations
GBL,GAMCO Investors
TA,TravelCenters of America
SOHU,Sohu.com
FRPH,FRP Holdings
ORC,Orchid Island Capital
NTGR,NETGEAR
THFF,First Financial
OCGN,Ocugen
GOSS,Gossamer Bio
KNSA,Kiniksa Pharmaceuticals
EMBK,Embark Technology
ADCT,ADC Therapeutics
DCO,Ducommun
AVAH,Aveanna Healthcare
LOVE,LoveSac
SRDX,SurModics
OFIX,Orthofix Medical
RBOT,Vicarious Surgical
SGMO,Sangamo Therapeutics
ZIMV,ZimVie
TPIC,TPI Composites
BBSI,Barrett Business Services
FMAO,Farmers &amp; Merchants Bancorp
SENS,Senseonics Holdings
MMAT,Meta Materials
REX,REX American Resources
SIBN,SI-BONE
YALA,Yalla Group
COLL,Collegium Pharmaceutical
BAND,Bandwidth
BMRC,Bank of Marin Bancorp
ARCT,Arcturus Therapeutics
NEWP,New Pacific Metals
IMVT,Immunovant
AROW,Arrow Financial
WW,Weight Watchers
TCDA,Tricida
OCFT,OneConnect
EQBK,Equity BancShares
ECC,Eagle Point Credit Company
TPC,Tutor Perini
MCBS,MetroCity Bankshares
GERN,Geron
SDC,SmileDirectClub
BLX,Banco Latinoamericano de Comercio Exterior
EH,EHang Holdings
MXCT,MaxCyte
AKA,a.k.a. Brands
GRIN,Grindrod Shipping
BZH,Beazer Homes USA
TPB,Turning Point Brands
AMYT,Amryt Pharma
RICK,RCI Hospitality Holdings
SVM,Silvercorp Metals
PETQ,PetIQ
AURA,Aura Biosciences
VRAY,ViewRay
DSKE,Daseke
BZFD,Buzzfeed
DGICA,Donegal Group
ITRN,Ituran
PYR,PyroGenesis Canada
ANIP,ANI Pharmaceuticals
HBT,HBT Financial
IMTX,Immatics
EGY,Vaalco Energy
REI,Ring Energy
NNOX,Nano-X Imaging
KPTI,Karyopharm Therapeutics
TGB,Taseko Mines
KE,Kimball Electronics
VSEC,VSE Corporation
RMR,The RMR Group
OIS,Oil States International
POWW,AMMO
BHR,Braemar Hotels &amp; Resorts
BLDE,Blade Air Mobility
SATL,Satellogic
AIRS,AirSculpt Technologies
AMBC,Ambac
MCS,Marcus Corporation
GAIN,Gladstone Investment
PFLT,PennantPark Floating Rate
TUFN,Tufin
CMAX,CareMax
NPK,National Presto Industries
SNCE,Science 37
CPSI,Computer Programs and Systems
ICPT,Intercept Pharmaceuticals
WKHS,Workhorse Group
SENEA,Seneca Foods
BNGO,Bionano Genomics
BBLN,Babylon Holdings
BBIG,Vinco Ventures
ACB,Aurora Cannabis
SLQT,SelectQuote
MOFG,MidWestOne Financial Group
NAUT,Nautilus Biotechnology
MTW,The Manitowoc Company
CARA,Cara Therapeutics
VXRT,Vaxart
WDH,Waterdrop Inc.
PTGX,Protagonist Therapeutics
HAYN,Haynes International
HT,Hersha Hospitality Trust
ACLX,Arcellx
PNNT,PennantPark Investment
CASS,Cass Information Systems
JANX,Janux Therapeutics
CSTR,CapStar Financial
HVT,Havertys
AFMD,Affimed
PETS,1-800-PetMeds
CGNT,Cognyte Software
ACET,Adicet Bio
IDYA,IDEAYA Biosciences
RM,Regional Management
AGEN,Agenus
CCBG,Capital City Bank Group
ARTNA,Artesian Resources
BWB,Bridgewater Bancshares
GCBC,Greene County Bancorp
INBX,Inhibrx
RAPT,RAPT Therapeutics
CENN,Cenntro Electric Group
FSP,Franklin Street Properties
TRC,Tejon Ranch
GRPN,Groupon
SGHT,Sight Sciences
SRG,Seritage Growth Properties
NUVL,Nuvalent
EVC,Entravision Communications
AVYA,Avaya Holdings
ECOM,ChannelAdvisor
GNTY,Guaranty Bancshares
LQDT,Liquidity Services
MKFG,Markforged
NAT,Nordic American Tankers
EZPW,EZCorp
MNMD,Mind Medicine
UPLD,Upland Software
VPG,Vishay Precision Group
CVEO,Civeo
DAWN,Day One Biopharmaceuticals
SMBC,Southern Missouri Bancorp
MESO,Mesoblast
APLD,Applied Blockchain
MCFT,MasterCraft Boat
FISI,Financial Institutions
MULN,Mullen Automotive
AKYA,Akoya Biosciences
ATIP,ATI Physical Therapy
OPY,Oppenheimer Holdings
CCNE,CNB Financial Corp
CO,Global Cord Blood
GROY,Gold Royalty Corp
PRTS,CarParts.com
HTBI,HomeTrust Bancshares
CHUY,Chuy's
VUZI,Vuzix
TG,Tredegar
ACCD,Accolade
TDUP,ThredUp
CASA,Casa Systems
NC,NACCO Industries
NR,Newpark Resources
KOD,Kodiak Sciences
MITK,Mitek Systems
VLD,Velo3D
ZYME,Zymeworks
SHBI,Shore Bancshares
UONE,Urban One
GRVY,Gravity Co.
NOTV,Inotiv
INO,Inovio Pharmaceuticals
TCI,Transcontinental Realty Investors
SIFY,Sify
HUT,Hut 8 Mining
XXII,22nd Century Group
ABUS,Arbutus Biopharma
NOA,North American Construction Group
PRTH,Priority Technology Holdings
TIPT,Tiptree
BHB,Bar Harbor Bankshares
VLTA,Volta
LE,Lands' End
GHG,GreenTree Hospitality
EBTC,Enterprise Bancorp
ADMA,ADMA Biologics
BITF,Bitfarms
VITL,Vital Farms
CIR,CIRCOR International
CMPS,COMPASS Pathways
PLBY,PLBY Group (Playboy)
QUOT,Quotient Technology
BLBD,Blue Bird Corporation
RKLY,Rockley Photonics
PRAX,Praxis Precision Medicines
DOYU,DouYu
ARBE,Arbe Robotics
LOCO,El Pollo Loco
SPWH,Sportsman's Warehouse
AXGN,Axogen
GLAD,Gladstone Capital
PRPL,Purple Innovation
VERA,Vera Therapeutics
WEAV,Weave Communications
ZEUS,Olympic Steel
TCS,The Container Store
GTX,Garrett Motion
DJCO,Daily Journal
LEU,Centrus Energy
AMNB,American National Bank &amp; Trust Company
GILT,Gilat Telecom
CZNC,Citizens &amp; Northern Corp
PFIS,Penseco Financial Services
STRS,Stratus Properties
DLTH,Duluth Holdings
AMOT,Allied Motion Technologies
MPX,Marine Products Corporation
ESPR,Esperion Therapeutics
KRUS,Kura Sushi USA
KODK,Eastman Kodak Company
INBK,First Internet Bancorp
NODK,NI Holdings
PRCH,Porch Group
RIDE,Lordstown Motors
SSTI,ShotSpotter
HLG,Hailiang Education
GLT,Glatfelter
AOMR,Angel Oak REIT
CLPR,Clipper Realty
FLMN,Falcon Minerals
TIG,Trean Insurance Group
WULF,TeraWulf
CVLG,Covenant Logistics
TALS,Talaris Therapeutics
ROOT,Root Insurance
LL,Lumber Liquidators
YSG,Yatsen Holding
SFST,Southern First Bancshares
AMPY,Amplify Energy
BLTE,Belite Bio
OGI,OrganiGram Holdings
OUST,Ouster
MGTX,MeiraGTx
CPTN,Cepton
DHX,DHI Group
REE,REE Automotive
TK,Teekay
WLDN,Willdan Group
VLDR,Velodyne Lidar
HIVE,HIVE Blockchain Technologies
SMMF,Summit Financial Group
ATHA,Athira Pharma
TCBX,Third Coast Bancshares
SCPL,SciPlay
CMTL,Comtech Telecommunications
GOTU,Gaotu Techedu
ATRO,Astronics Corporation
CYBE,CyberOptics
RAD,Rite Aid
CCCC,C4 Therapeutics
MIC,Macquarie Infrastructure
NWPX,Northwest Pipe Company
BCBP,BCB Bancorp
LX,LexinFintech Holdings
OOMA,Ooma
DMRC,Digimarc
GLOP,GasLog Partners
BSRR,Sierra Bancorp
FNLC,First Bancorp
DTC,Solo Brands
MRSN,Mersana Therapeutics
HLVX,HilleVax
FF,FutureFuel
BARK,The Original BARK Company
SOL,ReneSola
POWL,Powell Industries
GBIO,Generation Bio
CSTE,Caesarstone
RLGT,Radiant Logistics
VLN,Valens Semiconductor
ALCO,Alico
HOV,Hovnanian Enterprises
KORE,KORE
MCBC,Macatawa Bank
PLPC,Preformed Line Products
FGBI,First Guaranty Bancshares
ITIC,Investors Title Company
LIAN,LianBio
BKSY,BlackSky Technology
BNFT,Benefitfocus
RMBL,RumbleON
III,Information Services Group
BLI,Berkeley Lights
KBAL,Kimball International
UNTY,Unity Bancorp
EYPT,EyePoint Pharmaceuticals
HRTX,Heron Therapeutics
BBW,Build-A-Bear
ACNB,ACNB Corporation
MYFW,First Western Financial
KZR,Kezar Life Sciences
REFI,Chicago Atlantic Real Estate Finance
ANTX,AN2 Therapeutics
CIVB,Civista Bancshares
CNTA,Centessa Pharmaceuticals
GRWG,GrowGeneration
HYFM,Hydrofarm
IDEX,Ideanomics
DXLG,Destination XL
ELLO,Ellomay Capital
NBN,Northeast Bank
AIP,Arteris
PCSB,PCSB Financial
PLM,PolyMet
FBIZ,First Business Financial Services
GPP,Green Plains Partners
XERS,Xeris Pharmaceuticals
LTCH,Latch
PKBK,Parke Bancorp
INVE,Identiv
IREN,Iris Energy
HBCP,Home Bancorp
RDW,Redwire
AMTX,Aemetis
ZEV,Lightning eMotors
AKRO,Akero Therapeutics
SPNE,SeaSpine
TRUE,TrueCar
FREE,Whole Earth Brands
RIGL,Rigel Pharmaceuticals
APPH,AppHarvest
IRNT,IronNet
NN,NextNav
EGAN,eGain
BCOV,Brightcove
TUP,Tupperware Brands
UFI,Unifi
MPAA,Motorcar Parts of America
EHTH,eHealth
RENT,Rent the Runway
MNTS,Momentus
NETI,Eneti
PVBC,Provident Bancorp
MLR,Miller Industries
LNDC,Landec
PHAT,Phathom Pharmaceuticals
HMTV,Hemisphere Media Group
OSUR,OraSure Technologies
HEAR,Turtle Beach Corp
ZYXI,Zynex
CIX,CompX International
LQDA,Liquidia Technologies
REAL,The RealReal
SKYT,SkyWater Technology
ORRF,Orrstown Financial Services
BWFG,Bankwell Financial Group
HFFG,HF Foods Group
ACIU,AC Immune
CNTY,Century Casinos
VNTR,Venator Materials
TROO,Troops
BGFV,Big 5 Sporting Goods
VERI,Veritone
GLRE,Greenlight Reinsurance
LXRX,Lexicon Pharmaceuticals
OCN,Ocwen
ADAP,Adaptimmune Therapeutics
WEYS,Weyco Group
VFF,Village Farms International
SEV,Sono
FRBK,Republic First Bancorp
ASC,Ardmore Shipping
CEI,Camber Energy
NGL,NGL Energy Partners
CONN,Conn's
EVER,EverQuote
LOOP,Loop Industries
IMMP,Immutep
HYMC,Hycroft Mining
NRDY,Nerdy
CAMP,CalAmp
PGEN,Precigen
ZOM,Zomedica Pharmaceuticals
JOAN,JOANN
CATO,Cato Fashion
TALK,Talkspace
WRN,Western Copper and Gold
AKTS,Akoustis Technologies
TLYS,Tillys
PKE,Park Aerospace
OCUL,Ocular Therapeutix
AXTI,AXT Inc
SILC,Silicom
LCUT,Lifetime Brands
AEHR,Aehr Test Systems
NRIM,Northrim BanCorp
VYGR,Voyager Therapeutics
EEX,Emerald Holding
GNUS,Genius Brands
VSTM,Verastem Oncology
SCM,Stellus Capital
SMHI,SEACOR Marine
REV,Revlon
BNR,Burning Rock Biotech
FLL,Full House Resorts
MOLN,Molecular Partners
VBIV,VBI Vaccines
SPIR,Spire Global
AUD,Audacy
EMX,EMX Royalty
LCTX,Lineage Cell Therapeutics
CIAN,Cian
VTGN,VistaGen Therapeutics
SOPH,SOPHiA GENETICS
GOCO,GoHealth
NVEC,NVE Corporation
ALT,Altimmune
GATO,Gatos Silver
JYNT,The Joint Corp.
DBD,Diebold Nixdorf
NATR,Nature's Sunshine Products
ISTR,Investar Holding
TREC,Trecora Resources
OTLK,Outlook Therapeutics
CLSK,CleanSpark
CVGI,Commercial Vehicle Group (CVG)
YELL,Yellow Corporation
BLUE,bluebird bio
CVLY,Codorus Valley Bancorp
CECE,CECO Environmental
CWCO,Consolidated Water
INSG,Inseego
AGS,PlayAGS
RYAM,Rayonier Advanced Materials
AHT,Ashford Hospitality Trust
MBII,Marrone Bio Innovations
TCFC,Community Financial Corporation
GNE,Genie Energy
PTMN,Portman Ridge
GHL,Greenhill
VRA,Vera Bradley
MRNS,Marinus Pharmaceuticals
SCOR,Comscore
STRO,Sutro Biopharma
BELFB,Bel Fuse
SAMG,Silvercrest Asset Management Group
TSBK,Timberland Bancorp
QUAD,Quad
BKKT,Bakkt Holdings
WPRT,Westport Fuel Systems
SHIP,Seanergy Maritime
EVBN,Evans Bancorp
BRDS,Bird Global
TRDA,Entrada Therapeutics
DLA,Delta Apparel
LTRX,Lantronix
QD,Qudian
KMDA,Kamada
TBNK,Territorial Bancorp
EXTN,Exterran
RGCO,RGC Resources
SANG,Sangoma Technologies
ACTG,Acacia Research
CCLP,CSI Compressco
OXSQ,Oxford Square Capital
VATE,INNOVATE Corp.
SMLP,Summit Midstream
MHLD,Maiden Holdings
ATER,Aterian
TCMD,Tactile Medical
LUNA,Luna Innovations
OSG,Overseas Shipholding Group
ARAY,Accuray
HOFT,Hooker Furniture
JNCE,Jounce Therapeutics
USDP,USD Partners
CVCY,Central Valley Community Bancorp
ALLT,Allot
SMLR,Semler Scientific
MITT,AG Mortgage Investment Trust
IMMR,Immersion Corporation
WEJO,Wejo Group
FRGI,Fiesta Restaurant Group
LMNR,Limoneira
VOXX,Voxx International
GTHX,G1 Therapeutics
BKEP,Blueknight Energy Partners
BLZE,Backblaze
AREN,The Arena Group
SOLO,Electra Meccanica
ENOB,Enochian Biosciences
MYNA,Mynaric
WNEB,Western New England Bancorp
EXPR,Express
PLG,Platinum Group Metals
XL,XL Fleet
SACH,Sachem Capital
QMCO,Quantum
LGVN,Longeveron
LYTS,LSI Industries
LCNB,LCNB
JILL,J.Jill
XBIT,XBiotech
ODC,Oil-Dri Corporation Of America
VKTX,Viking Therapeutics
MMLP,Martin Midstream Partners
IMTE,IMTE
VRM,Vroom
ESCA,Escalade Sports
GNS,Genius Group
SRRK,Scholar Rock Holding
HURC,Hurco Companies
MTNB,Matinas BioPharma
CODX,Co-Diagnostics
ALDX,Aldeyra Therapeutics
CFFI,C&amp;F Financial Corporation
CIA,Citizens Inc
GREE,Greenidge Generation Holdings
ZVIA,Zevia
MG,MISTRAS Group
SNDA,Sonida Senior Living
CBAY,CymaBay Therapeutics
ASPS,Altisource Portfolio
FNWB,First Northwest Bancorp
HGEN,Humanigen
FINW,FinWise Bancorp
NAK,Northern Dynasty Minerals
ESSA,ESSA Bancorp
SUPV,Grupo Supervielle
MIST,Milestone Pharmaceuticals
KULR,KULR Technology
NTP,Nam Tai Property
HITI,High Tide
CNCE,Concert Pharmaceuticals
USX,U.S. Xpress Enterprises
ALLK,Allakos
CGEN,Compugen
PBPB,Potbelly Corporation
BSET,Bassett Furniture
MTRX,Matrix Service
CVM,Cel-Sci
RVP,Retractable Technologies
HNRG,Hallador Energy Company
TMQ,Trilogy Metals
BTCM,BIT Mining (500.com)
MYNZ,Mainz Biomed
AVEO,AVEO Oncology
SVRA,Savara Pharmaceuticals
RRGB,Red Robin
NVCT,Nuvectis Pharma
DS,Drive Shack
PRTY,Party City
SND,Smart Sand
SMTS,Sierra Metals
CRNT,Ceragon Networks
ORIC,ORIC Pharmaceuticals
DAKT,Daktronics
CLLS,Cellectis
SPPI,Spectrum Pharmaceuticals
PEBK,Peoples Bancorp of North Carolina
SREV,ServiceSource
RVSB,Riverview Bancorp
KVHI,KVH Industries
MBCN,Middlefield Banc
IOBT,IO Biotech
HNVR,Hanover Bancorp
SMSI,Smith Micro Software
AVDL,Avadel Pharmaceuticals
GENC,Gencor Industries
WHG,Westwood Holdings Group
ASRT,Assertio Therapeutics
GAN,GAN
BNED,Barnes &amp; Noble Education
OVBC,Ohio Valley Banc Corp
FET,Forum Energy Technologies
USAS,Americas Gold and Silver Corp
FSTR,L.B. Foster
CTXR,Citius Pharmaceuticals
BENE,Benessere Capital Acquisition
SRT,StarTek
LFT,Lument Finance Trust
MDV,Modiv
RCEL,Avita Medical
SPOK,Spok Holdings
PIRS,Pieris Pharmaceuticals
GRPH,Graphite Bio
ENDP,Endo International
SNCR,Synchronoss
OVID,Ovid Therapeutics
MILE,Metromile
TWIN,Twin Disc
PHUN,Phunware
OFED,Oconee Federal Financial
IVAC,Intevac
SELB,Selecta Biosciences
LAKE,Lakeland Industries
PED,PEDEVCO
BTBT,Bit Digital
BGSF,BG Staffing
NINE,Nine Energy Service
EMKR,EMCORE Corporation
CFRX,ContraFect
OCX,OncoCyte
ARC,ARC Document Solutions
ATOS,Atossa Therapeutics
FUV,Arcimoto
BFIN,BankFinancial
ATNM,Actinium Pharmaceuticals
OPOF,Old Point Financial
MDXH,MDxHealth
UNB,Union Bankshares
ITI,Iteris
KOPN,Kopin Corporation
LEE,Lee Enterprises
PBIP,Prudential Bancorp
ANIX,Anixa Biosciences
MLVF,Malvern Bancorp
OIIM,O2Micro
CDZI,Cadiz
JAKK,Jakks Pacific
ASUR,Asure Software
ENZ,Enzo Biochem
CRMD,Cormedix
PXLW,Pixelworks
CTMX,CytomX Therapeutics
PDSB,PDS Biotechnology
NILE,BitNile
CBAT,CBAK Energy
HEXO,HEXO
PZN,Pzena Investment Management
DARE,Dare Bioscience
MNOV,MediciNova
CRTX,Cortexyme
YTRA,Yatra
AQB,AquaBounty
TCRT,Alaunos Therapeutics
SESN,Sesen Bio
RMO,Romeo Power
DTIL,Precision BioSciences
SMMT,Summit Therapeutics
RCAT,Red Cat Holdings
BCLI,BrainStorm Cell Therapeutics
FLXS,Flexsteel Industries
SUP,Superior Industries International
PRTK,Paratek Pharmaceuticals
TUSK,Mammoth Energy Services
RDI,Reading International
HOUR,Hour Loop
PROV,Provident Financial Holdings
MESA,Mesa Air
EARN,Ellington Residential Mortgage REIT
GAIA,Gaia
APRN,Blue Apron Holdings
INDO,Indonesia Energy
SURF,Surface Oncology
FONR,Fonar Corporation
OYST,Oyster Point Pharma
SOS,SOS Limited
MOGO,Mogo
IMUX,Immunic
LPTX,Leap Therapeutics
REKR,Rekor Systems
DRTT,DIRTT Environmental Solutions
LTRPA,Liberty TripAdvisor Holdings
TAST,Carrols Restaurant Group
FTK,Flotek Industries
CPS,Cooper Standard
OG,Onion Global
RUBY,Rubius Therapeutics
CMCM,Cheetah Mobile
UPH,UpHealth
FLNT,Fluent
WRAP,Wrap Technologies
NCSM,NCS Multistage
ADVM,Adverum Biotechnologies
VGZ,Vista Gold
ARDX,Ardelyx
PCYG,Park City Group
FBIO,Fortress Biotech
HRTG,Heritage Insurance
GP,GreenPower Motor Company
TRX,Tanzanian Gold Corporation
VIGL,Vigil Neuroscience
ASXC,Asensus Surgical
SY,So-Young International
HIL,Hill International
ADES,Advanced Emissions Solutions
AGFS,AgroFresh
QUIK,Quicklogic
XELA,Exela Technologies
FARM,Farmer Brothers
PAYS,Paysign
ACR,ACRES Commercial Realty
XNET,Xunlei
PAVM,PAVmed
CAPR,Capricor Therapeutics
APTO,Aptose Biosciences
VAPO,Vapotherm
GEOS,Geospace Technologies
SLNG,Stabilis Solutions
MICT,MICT
CRIS,Curis
TXMD,TherapeuticsMD
TRHC,Tabula Rasa HealthCare
PTN,Palatin Technologies
EPZM,Epizyme
LWAY,Lifeway Foods
WATT,Energous
GALT,Galectin Therapeutics
ELVT,Elevate Credit
PWFL,PowerFleet
ASM,Avino Silver &amp; Gold Mines
CTSO,Cytosorbents
GPL,Great Panther Mining
LIFE,aTyr Pharma
ORN,orion-group-holdings
TLSA,Tiziana Life Sciences
HARP,Harpoon Therapeutics
RAIL,FreightCar America
GHM,Graham Corporation
CLSD,Clearside Biomedical
CFMS,Conformis
SALM,Salem Media Group
KLXE,KLX Energy Services
NM,Navios Maritime Holdings
NHTC,Natural Health Trends
XLO,Xilio Therapeutics
SYBX,Synlogic
AKBA,Akebia Therapeutics
UIHC,United Insurance Holdings
AUGX,Augmedix
UTRS,Minerva Surgical
IMV,IMV
ADN,Advent Technologies
LPCN,Lipocine
OESX,Orion Energy Systems
XSPA,XpresSpa
KOSS,Koss
SONX,Sonendo
GNPX,Genprex
SOHO,Sotherly Hotels
DERM,Journey Medical
SEEL,Seelos Therapeutics
SCYX,SCYNEXIS
FNGR,FingerMotion
NLS,Nautilus
ANY,Sphere 3D
MACK,Merrimack Pharmaceuticals
ACHV,Achieve Life Sciences
HHS,Harte Hanks
UAVS,AgEagle Aerial Systems
AGFY,Agrify
HZN,Horizon Global
USWS,U.S. Well Services
SIEN,Sientra
LOAN,Manhattan Bridge Capital
IFRX,InflaRx
SLDB,Solid Biosciences
AUMN,Golden Minerals
RWLK,ReWalk Robotics
ONCY,Oncolytics Biotech
PLSE,Pulse Biosciences
INUV,Inuvo
LUMO,Lumos Pharma
ATHX,Athersys
ATNF,180 Life Sciences
BYSI,BeyondSpring
SPI,SPI Energy
AESE,Allied Esports
SLS,Sellas Life Sciences
AXDX,Accelerate Diagnostics
KIRK,Kirkland's
BNOX,Bionomics
SUNW,Sunworks
ORTX,Orchard Therapeutics
SDIG,Stronghold Digital Mining
WWR,Westwater Resources
TRVN,Trevena
NH,NantHealth
MF,Missfresh
PLX,Protalix BioTherapeutics
IBIO,iBio
HEPA,Hepion Pharmaceuticals
BDSX,Biodesix
GECC,Great Elm Capital
EMAN,eMagin
WTER,Alkaline Water Company
RDHL,Redhill Biopharma
IZEA,IZEA Worldwide
HUSA,Houston American Energy
PRQR,ProQR
NBEV,NewAge
TMDI,Titan Medical
SYRS,Syros Pharmaceuticals
BOXL,Boxlight
ATNX,Athenex
SOPA,Society Pass
TRIB,Trinity Biotech
UBX,Unity Biotechnology
LODE,Comstock Mining
CCEL,Cryo-Cell
HALL,Hallmark Financial Services
GIFI,Gulf Island Fabrication
AVCO,Avalon GloboCare
LRFC,Logan Ridge Finance
FRSX,Foresight Autonomous Holdings
BFRI,Biofrontera
TISI,Team Inc
EAR,Eargo
DTEA,DAVIDsTEA
VERB,Verb Technology
QNGY,Quanergy Systems
OPTT,Ocean Power Technologies
MARK,Remark Holdings
CRVS,Corvus Pharmaceuticals
NRXP,NRx Pharmaceuticals
CORR,CorEnergy Infrastructure Trust
OKYO,Okyo Pharma
KINS,Kingstone Companies
BMRA,Biomerica
VTVT,vTv Therapeutics
CYN,Cyngn
LMPX,LMP Automotive Holdings
XPL,Solitario Zinc
TNXP,Tonix Pharmaceuticals
CGRN,Capstone Green Energy
AIM,AIM ImmunoTech
APM,Aptorum Group
AVRO,AVROBIO
DGLY,Digital Ally
TPHS,Trinity Place Holdings
PPSI,Pioneer Power Solutions
SLGG,Super League Gaming
SGMA,SigmaTron International
BBGI,Beasley Broadcast Group
CARV,Carver Bancorp
TYME,Tyme Technologies
COCP,Cocrystal Pharma
ZKIN,ZK International Group
MBOT,Microbot Medical
ACST,Acasti Pharma
LPTH,LightPath Technologies
IMPP,Imperial Petroleum
USAU,U.S. Gold Corp
AMPE,Ampio Pharmaceuticals
ITRM,Iterum Therapeutics
AQST,Aquestive Therapeutics
FREQ,Frequency Therapeutics
ALRN,Aileron Therapeutics
ECOR,electroCore
ZYNE,Zynerba Pharmaceuticals
RGLS,Regulus Therapeutics
OTRK,Ontrak
NCTY,The9
RFL,Rafael Holdings
ISR,Isoray
POLA,Polar Power
RGF,Real Good Food plc
CRBP,Corbus Pharmaceuticals
OGEN,Oragenics
XFOR,X4 Pharmaceuticals
AVCT,American Virtual Cloud
SEAC,SeaChange
GLYC,GlycoMimetics
PHAS,PhaseBio Pharmaceuticals
BWEN,Broadwind
BSGM,BioSig Technologies
YCBD,cbdMD
BTX,Brooklyn ImmunoTherapeutics
PMD,Psychemedics
QTNT,Quotient
DLPN,Dolphin Entertainment
TPST,Tempest Therapeutics
SNAX,Stryve Foods
SPRO,Spero Therapeutics
VINE,Fresh Vine Wine
NYMX,Nymox Pharmaceutical
ACRX,AcelRx Pharmaceuticals
DSS,Document Security Systems
IDN,Intellicheck
TTOO,T2 Biosystems
AAU,Almaden Minerals
AERC,AeroClean Technologies
VISL,Vislink Technologies
AACG,ATA Creativity Global
CNTX,Context Therapeutics
ADIL,Adial Pharmaceuticals
NCNA,NuCana
MRIN,Marin Software
GNLN,Greenlane
VVPR,VivoPower
RGS,Regis Corporation
ONTX,Onconova Therapeutics
BIOL,Biolase
RNWK,RealNetworks
ZVO,Zovio
RKDA,Arcadia Biosciences
SIDU,Sidus Space
PEI,PREIT
APTX,Aptinyx
MRAI,Marpai
WBEV,Winc
OPGN,OpGen
KALA,Kala Pharmaceuticals
WTRH,Waitr Holdings
FGI,FGI Industries
AGE,AgeX Therapeutics
ISPC,iSpecimen
VYNE,VYNE Therapeutics
JAGX,Jaguar Health
PRPO,Precipio
ASTC,Astrotech
NUZE,NuZee
SGBX,SG Blocks
INPX,Inpixon
TOPS,Top Ships
CYCN,Cyclerion Therapeutics
CANF,Can Fite Biopharma
XPON,Expion360
FAMI,Farmmi
NEPT,Neptune Wellness Solutions
WHLR,Wheeler Real Estate Investment Trust
BVXV,BiondVax
ASNS,Actelis Networks
EKSO,Ekso Bionics
SUMR,Summer Infant
AKAN,Akanda
GFAI,Guardforce AI
AEZS,Aeterna Zentaris
BIOC,Biocept
ABEO,Abeona Therapeutics
AIRI,Air Industries Group
NNVC,NanoViricides
LCI,Lannett Company
HYRE,HyreCar
AUST,Austin Gold
IGC,India Globalization Capital
AYTU,Aytu BioScience
SNGX,Soligenix
CEMI,Chembio Diagnostics
ONVO,Organovo
GENE,Genetic Technologies
CALA,Calithera Biosciences
BLBX,Blackboxstocks
AHI,Advanced Human Imaging
TIVC,Tivic Health Systems
APRE,Aprea Therapeutics
GMBL,Esports Entertainment
AEMD,Aethlon Medical
PTPI,Petros Pharmaceuticals
NERV,Minerva Neurosciences
RAVE,Rave Restaurant Group
PULM,Pulmatrix
CLSN,Celsion Corporation
IMH,Impac Mortgage Holdings
NVCN,Neovasc
RVSN,Rail Vision
DFFN,Diffusion Pharmaceuticals
PT,Pintec Technology
BKYI,BIO-key International
CING,Cingulate
APCX,AppTech Payments
KERN,Akerna
OLB,OLB Group
EDBL,Edible Garden
PIK,Kidpik
VS,Versus Systems
MITO,Stealth BioTherapeutics
STAF,Staffing 360 Solutions
EVFM,Evofem Biosciences
RMTI,Rockwell Medical
CLXT,Calyxt
YTEN,Yield10 Bioscience
GLMD,Galmed Pharmaceuticals
NBRV,Nabriva Therapeutics
ALNA,Allena Pharmaceuticals
CYTO,Altamira Therapeutics
SINT,SINTX Technologies
SONM,Sonim Technologies
GROM,Grom Social Enterprises
EAST,Eastside Distilling
EFOI,Energy Focus
PIXY,ShiftPixy
SOBR,SOBR Safe
PHIO,Phio Pharmaceuticals
APDN,Applied DNA Sciences
RMED,Ra Medical Systems
AVGR,Avinger
PTE,PolarityTE
PRFX,PainReform
BLPH,Bellerophon Therapeutics
HILS,Hillstream BioPharma
BHAT,Blue Hat
AHPI,Allied Healthcare Products
EVOK,Evoke Pharma
YVR,Liquid Media Group
HSDT,Helius Medical Technologies
CETX,Cemtrex
VIVE,Viveve Medical
FNHC,FedNat Holding Company
KSPN,Kaspien
BNTC,Benitec Biopharma
JAN,JanOne
AGRX,Agile Therapeutics
TTNP,Titan Pharmaceuticals
DRCT,Direct Digital Holdings
BXRX,Baudax Bio
TBLT,ToughBuilt Industries
HTGM,HTG Molecular Diagnostics
MLCO,Melco Resorts &amp; Entertainment
ACOR,Acorda Therapeutics
ZSAN,Zosano Pharma
PSHG,Performance Shipping
